SMILES,title,"i_i_glide_lignum","docking_status","r_glide_cpu_time","r_i_docking_score","s_i_glide_gridfile","r_i_glide_gscore","r_i_glide_lipo","r_i_glide_hbond","r_i_glide_metal","r_i_glide_rewards","r_i_glide_evdw","r_i_glide_ecoul","r_i_glide_erotb","r_i_glide_esite","r_i_glide_emodel","r_i_glide_energy","r_i_glide_einternal"
[NH3+]C(CO)(CO)CCc1ccc(Sc2cccc(OCc3ccccc3)c2)cc1Cl,"ligprep_1.sdf:3",1,Done,61.578,-6.73204,"glide-grid_1",-6.78234,-1.25946,-0.669757,-0,-0.905036,-30.8114,-20.1048,0.707159,-0.0989488,-76.1457,-50.9162,4.78821
NC(CO)(CO)CCc1ccc(Sc2cccc(OCc3ccccc3)c2)cc1Cl,"ligprep_1.sdf:3",2,Done,54.469,-2.40122,"glide-grid_1",-3.88792,-0.782535,-0.423801,-0,-0.381908,-29.8999,-12.1272,1.0144,0,-50.0611,-42.0271,6.56126
[NH3+]C(CO)(CO)CCc1ccc(Sc2cccc(OCc3ccccc3)c2)cc1Cl,"ligprep_1.sdf:3",3,Done,59.14,-6.73204,"glide-grid_1",-6.78234,-1.25946,-0.669757,-0,-0.905036,-30.8114,-20.1048,0.707159,-0.0989488,-76.1457,-50.9162,4.78821
NC(CO)(CO)CCc1ccc(Sc2cccc(OCc3ccccc3)c2)cc1Cl,"ligprep_1.sdf:3",4,Done,51.328,-2.40122,"glide-grid_1",-3.88792,-0.782535,-0.423801,-0,-0.381908,-29.8999,-12.1272,1.0144,0,-50.0611,-42.0271,6.56126
NC(=[NH2+])Nc1ccc2c(c1)C(=O)N(CCC(=O)N[C@H](CC(=O)[O-])c1cccnc1)C2,"ligprep_1.sdf:7",5,Done,20.578,-5.37524,"glide-grid_1",-5.38944,-0.273284,-0.726662,-0,-1.29421,-22.4663,-16.1089,0.654916,-0.210556,-59.7835,-38.5752,10.3781
NC(=[NH2+])Nc1ccc2c(c1)C(=O)N(CCC(=O)N[C@H](CC(=O)[O-])c1ccc[nH+]c1)C2,"ligprep_1.sdf:7",6,Done,21.75,-5.62572,"glide-grid_1",-7.84442,-0.592902,-0.733348,-0,-2.15366,-30.2539,-21.628,0.652024,-0.259649,-89.7257,-51.8819,9.75592
NC(=[NH2+])Nc1ccc2c(c1)C(=O)N(CCC(=O)N[C@@H](CC(=O)[O-])c1cccnc1)C2,"ligprep_1.sdf:7",7,Done,17.422,-5.26511,"glide-grid_1",-5.27931,-0.391049,-0.52793,-0,-1.32661,-21.1437,-16.1531,0.654916,-0.208488,-56.9012,-37.2968,8.24746
NC(=[NH2+])Nc1ccc2c(c1)C(=O)N(CCC(=O)N[C@@H](CC(=O)[O-])c1ccc[nH+]c1)C2,"ligprep_1.sdf:7",8,Done,17.094,-3.81322,"glide-grid_1",-6.03192,-0.15012,-0.692393,-0,-1.53954,-21.3423,-19.2565,0.652024,-0.346306,-68.7367,-40.5988,12.0944
NC(=[NH2+])Nc1ccc2c(c1)C(=O)N(CCC(=O)N[C@H](CC(=O)[O-])c1cccnc1)C2,"ligprep_1.sdf:7",9,Done,18.406,-5.37524,"glide-grid_1",-5.38944,-0.273284,-0.726662,-0,-1.29421,-22.4663,-16.1089,0.654916,-0.210556,-59.7835,-38.5752,10.3781
NC(=[NH2+])Nc1ccc2c(c1)C(=O)N(CCC(=O)N[C@H](CC(=O)[O-])c1ccc[nH+]c1)C2,"ligprep_1.sdf:7",10,Done,19.375,-5.62572,"glide-grid_1",-7.84442,-0.592902,-0.733348,-0,-2.15366,-30.2539,-21.628,0.652024,-0.259649,-89.7257,-51.8819,9.75592
NC(=[NH2+])Nc1ccc2c(c1)C(=O)N(CCC(=O)N[C@@H](CC(=O)[O-])c1cccnc1)C2,"ligprep_1.sdf:7",11,Done,15.703,-5.26511,"glide-grid_1",-5.27931,-0.391049,-0.52793,-0,-1.32661,-21.1437,-16.1531,0.654916,-0.208488,-56.9012,-37.2968,8.24746
NC(=[NH2+])Nc1ccc2c(c1)C(=O)N(CCC(=O)N[C@@H](CC(=O)[O-])c1ccc[nH+]c1)C2,"ligprep_1.sdf:7",12,Done,16.453,-3.81322,"glide-grid_1",-6.03192,-0.15012,-0.692393,-0,-1.53954,-21.3423,-19.2565,0.652024,-0.346306,-68.7367,-40.5988,12.0944
O=C(NCc1ncccc1F)c1coc(CC[NH2+]CCc2nc3ccccc3[nH]2)n1,"ligprep_1.sdf:8",13,Done,13.031,-5.48728,"glide-grid_1",-5.50808,-0.565113,-0.533794,-0,-0.898841,-33.6889,-16.4049,0.939678,-0.304824,-70.1574,-50.0939,4.61465
O=C(NCc1ncccc1F)c1coc(CC[NH2+]CCc2[nH]c3ccccc3[nH+]2)n1,"ligprep_1.sdf:8",14,Done,16.266,-3.46034,"glide-grid_1",-5.54364,-1.11189,-0.461208,-0,-0.835604,-30.0198,-16.1866,0.935519,-0.141473,-67.3031,-46.2064,8.67273
O=C(NCc1ncccc1F)c1coc(CC[NH2+]CCc2nc3ccccc3[nH]2)n1,"ligprep_1.sdf:8",15,Done,13.047,-5.48728,"glide-grid_1",-5.50808,-0.565113,-0.533794,-0,-0.898841,-33.6889,-16.4049,0.939678,-0.304824,-70.1574,-50.0939,4.61465
O=C(NCc1ncccc1F)c1coc(CC[NH2+]CCc2[nH]c3ccccc3[nH+]2)n1,"ligprep_1.sdf:8",16,Done,16.266,-3.46034,"glide-grid_1",-5.54364,-1.11189,-0.461208,-0,-0.835604,-30.0198,-16.1866,0.935519,-0.141473,-67.3031,-46.2064,8.67273
Cn1cc(-c2ccc3cnc(NC(=O)c4ccnc(N5CC[NH+](C)CC5)c4)cc3c2)cn1,"ligprep_1.sdf:11",17,Done,4.219,-5.27311,"glide-grid_1",-5.30341,-0.342486,-0.334429,-0,-0.769145,-31.7633,-17.5976,0.540907,-0.170463,-72.5852,-49.3609,3.4178
CN1CCN(c2cc(C(=O)Nc3cc4cc(-c5cnn(C)c5)ccc4cn3)ccn2)CC1,"ligprep_1.sdf:11",18,Done,7.344,-2.16579,"glide-grid_1",-3.94439,-0.566508,-0.16,-0,-0.647508,-33.2433,-8.56465,0.543219,-0.166733,-50.298,-41.808,4.11766
Cn1cc(-c2ccc3cnc(NC(=O)c4ccnc(N5CC[NH+](C)CC5)c4)cc3c2)cn1,"ligprep_1.sdf:11",19,Done,4.281,-5.27311,"glide-grid_1",-5.30341,-0.342486,-0.334429,-0,-0.769145,-31.7633,-17.5976,0.540907,-0.170463,-72.5852,-49.3609,3.4178
CN1CCN(c2cc(C(=O)Nc3cc4cc(-c5cnn(C)c5)ccc4cn3)ccn2)CC1,"ligprep_1.sdf:11",20,Done,7.469,-2.16579,"glide-grid_1",-3.94439,-0.566508,-0.16,-0,-0.647508,-33.2433,-8.56465,0.543219,-0.166733,-50.298,-41.808,4.11766
O=C1/C(=N\CCN2CCOCC2)C(Cl)=C([O-])c2cccnc21,"ligprep_1.sdf:13",21,Done,1.906,-3.56003,"glide-grid_1",-3.59673,-0.521264,-0.2988,-0,-1.36001,-23.765,-3.94322,0.363081,0,-33.1707,-27.7082,1.1348
O=C1/C(=N\CC[NH+]2CCOCC2)C(Cl)=C([O-])c2cccnc21,"ligprep_1.sdf:13",22,Done,1.641,-2.70737,"glide-grid_1",-4.37297,-0.339094,-0.2,-0,-1.44028,-28.911,-7.73048,0.361079,-0.149547,-49.0626,-36.6415,3.25186
O=C1/C(=N\CCN2CCOCC2)C(Cl)=C([O-])c2cccnc21,"ligprep_1.sdf:13",23,Done,1.938,-3.56003,"glide-grid_1",-3.59673,-0.521264,-0.2988,-0,-1.36001,-23.765,-3.94322,0.363081,0,-33.1707,-27.7082,1.1348
O=C1/C(=N\CC[NH+]2CCOCC2)C(Cl)=C([O-])c2cccnc21,"ligprep_1.sdf:13",24,Done,1.656,-2.70737,"glide-grid_1",-4.37297,-0.339094,-0.2,-0,-1.44028,-28.911,-7.73048,0.361079,-0.149547,-49.0626,-36.6415,3.25186
CC(C)C[NH+](CCCN1CC[NH+](CCCNc2nc3ccccc3[nH]2)CC1)CC(C)C,"ligprep_1.sdf:16",25,Done,32.125,-5.45982,"glide-grid_1",-5.99332,-1.0685,-0.794251,-0,-1.00268,-26.5753,-15.3983,0.750394,-0.239771,-59.6554,-41.9736,13.8847
CC(C)C[NH+](CCCN1CC[NH+](CCCNc2[nH]c3ccccc3[nH+]2)CC1)CC(C)C,"ligprep_1.sdf:16",26,Done,31.312,-4.42038,"glide-grid_1",-5.01278,-1.4621,-0.2,-0,-0.995884,-29.1732,-10.1018,0.747223,-0.128091,-58.8264,-39.275,4.47819
CC(C)C[NH+](CCC[NH+]1CCN(CCCNc2[nH]c3ccccc3[nH+]2)CC1)CC(C)C,"ligprep_1.sdf:16",27,Done,31.5,-1.90431,"glide-grid_1",-3.50911,-0.294626,-0.00119213,-0,-0.723484,-22.8572,-15.1292,1.06746,-0.145022,-51.2205,-37.9865,4.90292
CC(C)C[NH+](CCC[NH+]1CCN(CCCNc2nc3ccccc3[nH]2)CC1)CC(C)C,"ligprep_1.sdf:16",28,Done,30.563,-3.89429,"glide-grid_1",-5.50059,-1.74379,-0.234882,-0,-1.00268,-32.7503,-9.89751,0.750394,-0.147482,-57.6096,-42.6478,13.6825
CC(C)C[NH+](CCCN1CCN(CCCNc2[nH]c3ccccc3[nH+]2)CC1)CC(C)C,"ligprep_1.sdf:16",29,Done,33.516,-1.44459,"glide-grid_1",-3.25559,-1.11689,-0.2,-0,-0.472684,-26.1632,-7.28396,1.07199,-0.137246,-40.0162,-33.4472,7.99316
CC(C)C[NH+](CCCN1CCN(CCCNc2nc3ccccc3[nH]2)CC1)CC(C)C,"ligprep_1.sdf:16",30,Done,29.14,-1.56591,"glide-grid_1",-3.39621,-1.01509,-0.16,-0,-0.479557,-30.5644,-7.35732,1.07655,-0.186299,-43.6376,-37.9217,10.628
CC(C)C[NH+](CCCN1CC[NH+](CCCNc2nc3ccccc3[nH]2)CC1)CC(C)C,"ligprep_1.sdf:16",31,Done,30.766,-5.45982,"glide-grid_1",-5.99332,-1.0685,-0.794251,-0,-1.00268,-26.5753,-15.3983,0.750394,-0.239771,-59.6554,-41.9736,13.8847
CC(C)C[NH+](CCCN1CC[NH+](CCCNc2[nH]c3ccccc3[nH+]2)CC1)CC(C)C,"ligprep_1.sdf:16",32,Done,31.547,-4.42038,"glide-grid_1",-5.01278,-1.4621,-0.2,-0,-0.995884,-29.1732,-10.1018,0.747223,-0.128091,-58.8264,-39.275,4.47819
CC(C)C[NH+](CCC[NH+]1CCN(CCCNc2[nH]c3ccccc3[nH+]2)CC1)CC(C)C,"ligprep_1.sdf:16",33,Done,35.922,-1.90431,"glide-grid_1",-3.50911,-0.294626,-0.00119213,-0,-0.723484,-22.8572,-15.1292,1.06746,-0.145022,-51.2205,-37.9865,4.90292
CC(C)C[NH+](CCC[NH+]1CCN(CCCNc2nc3ccccc3[nH]2)CC1)CC(C)C,"ligprep_1.sdf:16",34,Done,33.594,-3.89429,"glide-grid_1",-5.50059,-1.74379,-0.234882,-0,-1.00268,-32.7503,-9.89751,0.750394,-0.147482,-57.6096,-42.6478,13.6825
CC(C)C[NH+](CCCN1CCN(CCCNc2[nH]c3ccccc3[nH+]2)CC1)CC(C)C,"ligprep_1.sdf:16",35,Done,34.235,-1.44459,"glide-grid_1",-3.25559,-1.11689,-0.2,-0,-0.472684,-26.1632,-7.28396,1.07199,-0.137246,-40.0162,-33.4472,7.99316
CC(C)C[NH+](CCCN1CCN(CCCNc2nc3ccccc3[nH]2)CC1)CC(C)C,"ligprep_1.sdf:16",36,Done,30.265,-1.56591,"glide-grid_1",-3.39621,-1.01509,-0.16,-0,-0.479557,-30.5644,-7.35732,1.07655,-0.186299,-43.6376,-37.9217,10.628
CC(C)C[NH+](CCCN1CC[NH+](CCCNc2nc3ccccc3[nH]2)CC1)CC(C)C,"ligprep_1.sdf:16",37,Done,32.344,-5.45982,"glide-grid_1",-5.99332,-1.0685,-0.794251,-0,-1.00268,-26.5753,-15.3983,0.750394,-0.239771,-59.6554,-41.9736,13.8847
CC(C)C[NH+](CCCN1CC[NH+](CCCNc2[nH]c3ccccc3[nH+]2)CC1)CC(C)C,"ligprep_1.sdf:16",38,Done,31.25,-4.42038,"glide-grid_1",-5.01278,-1.4621,-0.2,-0,-0.995884,-29.1732,-10.1018,0.747223,-0.128091,-58.8264,-39.275,4.47819
CC(C)C[NH+](CCC[NH+]1CCN(CCCNc2[nH]c3ccccc3[nH+]2)CC1)CC(C)C,"ligprep_1.sdf:16",39,Done,31.546,-1.90431,"glide-grid_1",-3.50911,-0.294626,-0.00119213,-0,-0.723484,-22.8572,-15.1292,1.06746,-0.145022,-51.2205,-37.9865,4.90292
CC(C)C[NH+](CCC[NH+]1CCN(CCCNc2nc3ccccc3[nH]2)CC1)CC(C)C,"ligprep_1.sdf:16",40,Done,30.829,-3.89429,"glide-grid_1",-5.50059,-1.74379,-0.234882,-0,-1.00268,-32.7503,-9.89751,0.750394,-0.147482,-57.6096,-42.6478,13.6825
CC(C)C[NH+](CCCN1CCN(CCCNc2[nH]c3ccccc3[nH+]2)CC1)CC(C)C,"ligprep_1.sdf:16",41,Done,33.687,-1.44459,"glide-grid_1",-3.25559,-1.11689,-0.2,-0,-0.472684,-26.1632,-7.28396,1.07199,-0.137246,-40.0162,-33.4472,7.99316
CC(C)C[NH+](CCCN1CCN(CCCNc2nc3ccccc3[nH]2)CC1)CC(C)C,"ligprep_1.sdf:16",42,Done,30.312,-1.56591,"glide-grid_1",-3.39621,-1.01509,-0.16,-0,-0.479557,-30.5644,-7.35732,1.07655,-0.186299,-43.6376,-37.9217,10.628
CC(C)C[NH+](CCCN1CC[NH+](CCCNc2nc3ccccc3[nH]2)CC1)CC(C)C,"ligprep_1.sdf:16",43,Done,31.172,-5.45982,"glide-grid_1",-5.99332,-1.0685,-0.794251,-0,-1.00268,-26.5753,-15.3983,0.750394,-0.239771,-59.6554,-41.9736,13.8847
CC(C)C[NH+](CCCN1CC[NH+](CCCNc2[nH]c3ccccc3[nH+]2)CC1)CC(C)C,"ligprep_1.sdf:16",44,Done,32.391,-4.42038,"glide-grid_1",-5.01278,-1.4621,-0.2,-0,-0.995884,-29.1732,-10.1018,0.747223,-0.128091,-58.8264,-39.275,4.47819
CC(C)C[NH+](CCC[NH+]1CCN(CCCNc2[nH]c3ccccc3[nH+]2)CC1)CC(C)C,"ligprep_1.sdf:16",45,Done,32.39,-1.90431,"glide-grid_1",-3.50911,-0.294626,-0.00119213,-0,-0.723484,-22.8572,-15.1292,1.06746,-0.145022,-51.2205,-37.9865,4.90292
CC(C)C[NH+](CCC[NH+]1CCN(CCCNc2nc3ccccc3[nH]2)CC1)CC(C)C,"ligprep_1.sdf:16",46,Done,32.125,-3.89429,"glide-grid_1",-5.50059,-1.74379,-0.234882,-0,-1.00268,-32.7503,-9.89751,0.750394,-0.147482,-57.6096,-42.6478,13.6825
CC(C)C[NH+](CCCN1CCN(CCCNc2[nH]c3ccccc3[nH+]2)CC1)CC(C)C,"ligprep_1.sdf:16",47,Done,33.438,-1.44459,"glide-grid_1",-3.25559,-1.11689,-0.2,-0,-0.472684,-26.1632,-7.28396,1.07199,-0.137246,-40.0162,-33.4472,7.99316
CC(C)C[NH+](CCCN1CCN(CCCNc2nc3ccccc3[nH]2)CC1)CC(C)C,"ligprep_1.sdf:16",48,Done,29.656,-1.56591,"glide-grid_1",-3.39621,-1.01509,-0.16,-0,-0.479557,-30.5644,-7.35732,1.07655,-0.186299,-43.6376,-37.9217,10.628
CC(C)C[NH+](CCCN1CC[NH+](CCCNc2nc3ccccc3[nH]2)CC1)CC(C)C,"ligprep_1.sdf:16",49,Done,31.359,-5.45982,"glide-grid_1",-5.99332,-1.0685,-0.794251,-0,-1.00268,-26.5753,-15.3983,0.750394,-0.239771,-59.6554,-41.9736,13.8847
CC(C)C[NH+](CCCN1CC[NH+](CCCNc2[nH]c3ccccc3[nH+]2)CC1)CC(C)C,"ligprep_1.sdf:16",50,Done,32.297,-4.42038,"glide-grid_1",-5.01278,-1.4621,-0.2,-0,-0.995884,-29.1732,-10.1018,0.747223,-0.128091,-58.8264,-39.275,4.47819
CC(C)C[NH+](CCC[NH+]1CCN(CCCNc2[nH]c3ccccc3[nH+]2)CC1)CC(C)C,"ligprep_1.sdf:16",51,Done,31.344,-1.90431,"glide-grid_1",-3.50911,-0.294626,-0.00119213,-0,-0.723484,-22.8572,-15.1292,1.06746,-0.145022,-51.2205,-37.9865,4.90292
CC(C)C[NH+](CCC[NH+]1CCN(CCCNc2nc3ccccc3[nH]2)CC1)CC(C)C,"ligprep_1.sdf:16",52,Done,30.031,-3.89429,"glide-grid_1",-5.50059,-1.74379,-0.234882,-0,-1.00268,-32.7503,-9.89751,0.750394,-0.147482,-57.6096,-42.6478,13.6825
CC(C)C[NH+](CCCN1CCN(CCCNc2[nH]c3ccccc3[nH+]2)CC1)CC(C)C,"ligprep_1.sdf:16",53,Done,32.468,-1.44459,"glide-grid_1",-3.25559,-1.11689,-0.2,-0,-0.472684,-26.1632,-7.28396,1.07199,-0.137246,-40.0162,-33.4472,7.99316
CC(C)C[NH+](CCCN1CCN(CCCNc2nc3ccccc3[nH]2)CC1)CC(C)C,"ligprep_1.sdf:16",54,Done,28.75,-1.56591,"glide-grid_1",-3.39621,-1.01509,-0.16,-0,-0.479557,-30.5644,-7.35732,1.07655,-0.186299,-43.6376,-37.9217,10.628
CC(C)C[NH+](CCCN1CC[NH+](CCCNc2nc3ccccc3[nH]2)CC1)CC(C)C,"ligprep_1.sdf:16",55,Done,31.219,-5.45982,"glide-grid_1",-5.99332,-1.0685,-0.794251,-0,-1.00268,-26.5753,-15.3983,0.750394,-0.239771,-59.6554,-41.9736,13.8847
CC(C)C[NH+](CCCN1CC[NH+](CCCNc2[nH]c3ccccc3[nH+]2)CC1)CC(C)C,"ligprep_1.sdf:16",56,Done,31.594,-4.42038,"glide-grid_1",-5.01278,-1.4621,-0.2,-0,-0.995884,-29.1732,-10.1018,0.747223,-0.128091,-58.8264,-39.275,4.47819
CC(C)C[NH+](CCC[NH+]1CCN(CCCNc2[nH]c3ccccc3[nH+]2)CC1)CC(C)C,"ligprep_1.sdf:16",57,Done,31.906,-1.90431,"glide-grid_1",-3.50911,-0.294626,-0.00119213,-0,-0.723484,-22.8572,-15.1292,1.06746,-0.145022,-51.2205,-37.9865,4.90292
CC(C)C[NH+](CCC[NH+]1CCN(CCCNc2nc3ccccc3[nH]2)CC1)CC(C)C,"ligprep_1.sdf:16",58,Done,31.016,-3.89429,"glide-grid_1",-5.50059,-1.74379,-0.234882,-0,-1.00268,-32.7503,-9.89751,0.750394,-0.147482,-57.6096,-42.6478,13.6825
CC(C)C[NH+](CCCN1CCN(CCCNc2[nH]c3ccccc3[nH+]2)CC1)CC(C)C,"ligprep_1.sdf:16",59,Done,33.688,-1.44459,"glide-grid_1",-3.25559,-1.11689,-0.2,-0,-0.472684,-26.1632,-7.28396,1.07199,-0.137246,-40.0162,-33.4472,7.99316
CC(C)C[NH+](CCCN1CCN(CCCNc2nc3ccccc3[nH]2)CC1)CC(C)C,"ligprep_1.sdf:16",60,Done,30.109,-1.56591,"glide-grid_1",-3.39621,-1.01509,-0.16,-0,-0.479557,-30.5644,-7.35732,1.07655,-0.186299,-43.6376,-37.9217,10.628
O=S(=O)([O-])CCN1CC[NH+](CCO)CC1,"ligprep_1.sdf:19",61,Done,3.375,-5.18104,"glide-grid_1",-5.40474,-0.917786,-0.481553,-0,-2.00928,-15.6207,-16.0038,1.21558,-0.0300884,-40.1241,-31.6246,9.0536
O=S(=O)([O-])CC[NH+]1CCN(CCO)CC1,"ligprep_1.sdf:19",62,Done,2.109,-2.75942,"glide-grid_1",-3.65562,-0.476472,-0.193047,-0,-1.78428,-17.0406,-10.2316,1.21558,-0.0306387,-30.3086,-27.2721,7.66215
O=S(=O)([O-])CCN1CCN(CCO)CC1,"ligprep_1.sdf:19",63,Done,3.875,-3.0709,"glide-grid_1",-4.4711,-0.782334,-0.482186,-0,-1.79115,-13.9752,-12.9307,1.22439,-0.00144963,-28.0488,-26.9059,11.6428
O=S(=O)([O-])CCN1CC[NH+](CCO)CC1,"ligprep_1.sdf:19",64,Done,3.406,-5.18104,"glide-grid_1",-5.40474,-0.917786,-0.481553,-0,-2.00928,-15.6207,-16.0038,1.21558,-0.0300884,-40.1241,-31.6246,9.0536
O=S(=O)([O-])CC[NH+]1CCN(CCO)CC1,"ligprep_1.sdf:19",65,Done,2.25,-2.75942,"glide-grid_1",-3.65562,-0.476472,-0.193047,-0,-1.78428,-17.0406,-10.2316,1.21558,-0.0306387,-30.3086,-27.2721,7.66215
O=S(=O)([O-])CCN1CCN(CCO)CC1,"ligprep_1.sdf:19",66,Done,3.703,-3.0709,"glide-grid_1",-4.4711,-0.782334,-0.482186,-0,-1.79115,-13.9752,-12.9307,1.22439,-0.00144963,-28.0488,-26.9059,11.6428
O=S(=O)([O-])CCN1CC[NH+](CCO)CC1,"ligprep_1.sdf:19",67,Done,3.453,-5.18104,"glide-grid_1",-5.40474,-0.917786,-0.481553,-0,-2.00928,-15.6207,-16.0038,1.21558,-0.0300884,-40.1241,-31.6246,9.0536
O=S(=O)([O-])CC[NH+]1CCN(CCO)CC1,"ligprep_1.sdf:19",68,Done,2.156,-2.75942,"glide-grid_1",-3.65562,-0.476472,-0.193047,-0,-1.78428,-17.0406,-10.2316,1.21558,-0.0306387,-30.3086,-27.2721,7.66215
O=S(=O)([O-])CCN1CCN(CCO)CC1,"ligprep_1.sdf:19",69,Done,3.61,-3.0709,"glide-grid_1",-4.4711,-0.782334,-0.482186,-0,-1.79115,-13.9752,-12.9307,1.22439,-0.00144963,-28.0488,-26.9059,11.6428
N#C[C@@H](c1ccnc(OCc2ccc(CN3CCOCC3)cc2)n1)c1nc2ccccc2s1,"ligprep_1.sdf:20",70,Done,6.156,-3.38313,"glide-grid_1",-3.66773,-0.623114,-0.439358,-0,-0.4587,-33.8601,-7.50549,0.672271,0,-50.3697,-41.3656,2.474
N#C[C@@H](c1ccnc(OCc2ccc(C[NH+]3CCOCC3)cc2)n1)c1nc2ccccc2s1,"ligprep_1.sdf:20",71,Done,5.609,-4.1628,"glide-grid_1",-4.7339,-0.785964,-0.515695,-0,-0.579672,-34.9855,-11.1377,0.669583,-0.102217,-61.0134,-46.1233,6.89004
N#C[C@H](c1ccnc(OCc2ccc(CN3CCOCC3)cc2)n1)c1nc2ccccc2s1,"ligprep_1.sdf:20",72,Done,6.922,-3.0261,"glide-grid_1",-3.3107,-0.795169,0,-0,-0.660968,-40.9121,-3.06765,0.672271,-0.0210781,-51.0657,-43.9798,4.49557
N#C[C@H](c1ccnc(OCc2ccc(C[NH+]3CCOCC3)cc2)n1)c1nc2ccccc2s1,"ligprep_1.sdf:20",73,Done,6.593,-4.39254,"glide-grid_1",-4.96364,-0.79049,-0.561204,-0,-0.581508,-34.4303,-12.5234,0.669583,-0.1,-63.0806,-46.9537,6.82228
N#C[C@H](c1ccnc(OCc2ccc(CN3CCOCC3)cc2)n1)c1nc2ccccc2s1,"ligprep_1.sdf:20",74,Done,7.016,-3.0261,"glide-grid_1",-3.3107,-0.795169,0,-0,-0.660968,-40.9121,-3.06765,0.672271,-0.0210781,-51.0657,-43.9798,4.49557
N#C[C@H](c1ccnc(OCc2ccc(C[NH+]3CCOCC3)cc2)n1)c1nc2ccccc2s1,"ligprep_1.sdf:20",75,Done,6.687,-4.39254,"glide-grid_1",-4.96364,-0.79049,-0.561204,-0,-0.581508,-34.4303,-12.5234,0.669583,-0.1,-63.0806,-46.9537,6.82228
CNC(=O)c1cc(Oc2ccc3nc(N[C@@H]4CCCC[C@H]4O)sc3c2)ccn1,"ligprep_1.sdf:21",76,Done,7.125,-4.60153,"glide-grid_1",-4.61683,-1.2593,-0.410328,-0,-0.692184,-33.0093,-7.12279,0.616712,-0.152843,-50.8203,-40.1321,2.30266
CNC(=O)c1cc(Oc2ccc3nc(N[C@@H]4CCCC[C@H]4O)sc3c2)cc[nH+]1,"ligprep_1.sdf:21",77,Done,5.094,-3.69459,"glide-grid_1",-5.86679,-0.832233,-0.686767,-0,-0.910312,-26.4734,-16.7265,0.613915,-0.218751,-61.7678,-43.1999,4.68156
CNC(=O)c1cc(Oc2ccc3nc(N[C@@H]4CCCC[C@H]4O)sc3c2)ccn1,"ligprep_1.sdf:21",78,Done,7.187,-4.60153,"glide-grid_1",-4.61683,-1.2593,-0.410328,-0,-0.692184,-33.0093,-7.12279,0.616712,-0.152843,-50.8203,-40.1321,2.30266
CNC(=O)c1cc(Oc2ccc3nc(N[C@@H]4CCCC[C@H]4O)sc3c2)cc[nH+]1,"ligprep_1.sdf:21",79,Done,5.078,-3.69459,"glide-grid_1",-5.86679,-0.832233,-0.686767,-0,-0.910312,-26.4734,-16.7265,0.613915,-0.218751,-61.7678,-43.1999,4.68156
Cc1c(NC(=O)c2cc(C(N)=O)nc3cc(F)ccc23)c(C(F)(F)F)nn1Cc1ccc(C#N)cc1,"ligprep_1.sdf:22",80,Done,3.453,-4.00093,"glide-grid_1",-4.00093,-0.4523,-0.304,-0,-0.199347,-25.0061,-12.7319,0.413752,-0.298941,-45.2988,-37.738,4.77945
Cc1cccc(N2CC[NH+](CCc3ccc4ccccc4n3)CC2)c1,"ligprep_1.sdf:25",81,Done,2.641,-4.7804,"glide-grid_1",-4.8585,-1.01114,-0.181512,-0,-1.6723,-23.8005,-7.71545,0.477127,-0.12333,-41.6802,-31.5159,5.76117
Cc1cccc(N2CCN(CCc3ccc4ccccc4n3)CC2)c1,"ligprep_1.sdf:25",82,Done,2.671,-2.00876,"glide-grid_1",-3.34706,-0.637257,0,-0,-1.30041,-28.0648,-4.60961,0.68528,0,-37.5324,-32.6744,4.02762
Cc1cccc(N2CCN(CCc3ccc4ccccc4[nH+]3)CC2)c1,"ligprep_1.sdf:25",83,Done,3.922,-1.48112,"glide-grid_1",-3.88492,-0.559112,-0.17269,-0,-1.3673,-25.15,-7.33549,0.68161,-0.109597,-43.0492,-32.4854,1.09136
Cc1cccc(N2CC[NH+](CCc3ccc4ccccc4n3)CC2)c1,"ligprep_1.sdf:25",84,Done,2.641,-4.7804,"glide-grid_1",-4.8585,-1.01114,-0.181512,-0,-1.6723,-23.8005,-7.71545,0.477127,-0.12333,-41.6802,-31.5159,5.76117
Cc1cccc(N2CCN(CCc3ccc4ccccc4n3)CC2)c1,"ligprep_1.sdf:25",85,Done,2.609,-2.00876,"glide-grid_1",-3.34706,-0.637257,0,-0,-1.30041,-28.0648,-4.60961,0.68528,0,-37.5324,-32.6744,4.02762
Cc1cccc(N2CCN(CCc3ccc4ccccc4[nH+]3)CC2)c1,"ligprep_1.sdf:25",86,Done,3.938,-1.48112,"glide-grid_1",-3.88492,-0.559112,-0.17269,-0,-1.3673,-25.15,-7.33549,0.68161,-0.109597,-43.0492,-32.4854,1.09136
Cc1cccc(N2CC[NH+](CCc3ccc4ccccc4n3)CC2)c1,"ligprep_1.sdf:25",87,Done,2.625,-4.7804,"glide-grid_1",-4.8585,-1.01114,-0.181512,-0,-1.6723,-23.8005,-7.71545,0.477127,-0.12333,-41.6802,-31.5159,5.76117
Cc1cccc(N2CCN(CCc3ccc4ccccc4n3)CC2)c1,"ligprep_1.sdf:25",88,Done,2.594,-2.00876,"glide-grid_1",-3.34706,-0.637257,0,-0,-1.30041,-28.0648,-4.60961,0.68528,0,-37.5324,-32.6744,4.02762
Cc1cccc(N2CCN(CCc3ccc4ccccc4[nH+]3)CC2)c1,"ligprep_1.sdf:25",89,Done,3.875,-1.48112,"glide-grid_1",-3.88492,-0.559112,-0.17269,-0,-1.3673,-25.15,-7.33549,0.68161,-0.109597,-43.0492,-32.4854,1.09136
O=C(NO)c1cnc(N2C[C@@H]3[C@H](C2)[C@H]3[NH2+]Cc2ccc3cc(F)ccc3n2)nc1,"ligprep_1.sdf:28",90,Done,4.781,-5.07695,"glide-grid_1",-5.16045,-1.0039,-0.192503,-0,-1.20757,-34.3045,-11.9444,0.75042,0,-65.3588,-46.249,1.72123
O=C(N[O-])c1cnc(N2C[C@@H]3[C@H](C2)[C@H]3[NH2+]Cc2ccc3cc(F)ccc3n2)nc1,"ligprep_1.sdf:28",91,Done,4.969,-3.04251,"glide-grid_1",-4.48921,-1.06418,-0.184062,-0,-1.14146,-32.3791,-7.39191,0.628226,0,-55.5346,-39.771,2.01464
O=C(NO)c1cnc(N2C[C@@H]3[C@H](C2)[C@H]3NCc2ccc3cc(F)ccc3n2)nc1,"ligprep_1.sdf:28",92,Done,5.921,-2.47275,"glide-grid_1",-4.31815,-0.566196,-0.304,-0,-0.848179,-30.5321,-11.3538,0.753872,-0.123972,-51.8285,-41.8859,5.07391
O=C(NO)c1cnc(N2C[C@@H]3[C@H](C2)[C@H]3[NH2+]Cc2ccc3cc(F)ccc3n2)nc1,"ligprep_1.sdf:28",93,Done,4.704,-5.07695,"glide-grid_1",-5.16045,-1.0039,-0.192503,-0,-1.20757,-34.3045,-11.9444,0.75042,0,-65.3588,-46.249,1.72123
O=C(N[O-])c1cnc(N2C[C@@H]3[C@H](C2)[C@H]3[NH2+]Cc2ccc3cc(F)ccc3n2)nc1,"ligprep_1.sdf:28",94,Done,4.765,-3.04251,"glide-grid_1",-4.48921,-1.06418,-0.184062,-0,-1.14146,-32.3791,-7.39191,0.628226,0,-55.5346,-39.771,2.01464
O=C(NO)c1cnc(N2C[C@@H]3[C@H](C2)[C@H]3NCc2ccc3cc(F)ccc3n2)nc1,"ligprep_1.sdf:28",95,Done,5.922,-2.47275,"glide-grid_1",-4.31815,-0.566196,-0.304,-0,-0.848179,-30.5321,-11.3538,0.753872,-0.123972,-51.8285,-41.8859,5.07391
O=C(NO)c1cnc(N2C[C@@H]3[C@H](C2)[C@H]3[NH2+]Cc2ccc3cc(F)ccc3n2)nc1,"ligprep_1.sdf:28",96,Done,4.891,-5.07695,"glide-grid_1",-5.16045,-1.0039,-0.192503,-0,-1.20757,-34.3045,-11.9444,0.75042,0,-65.3588,-46.249,1.72123
O=C(N[O-])c1cnc(N2C[C@@H]3[C@H](C2)[C@H]3[NH2+]Cc2ccc3cc(F)ccc3n2)nc1,"ligprep_1.sdf:28",97,Done,4.922,-3.04251,"glide-grid_1",-4.48921,-1.06418,-0.184062,-0,-1.14146,-32.3791,-7.39191,0.628226,0,-55.5346,-39.771,2.01464
O=C(NO)c1cnc(N2C[C@@H]3[C@H](C2)[C@H]3NCc2ccc3cc(F)ccc3n2)nc1,"ligprep_1.sdf:28",98,Done,5.718,-2.47275,"glide-grid_1",-4.31815,-0.566196,-0.304,-0,-0.848179,-30.5321,-11.3538,0.753872,-0.123972,-51.8285,-41.8859,5.07391
C[C@H]1OC[C@]2(c3cc(NC(=O)c4cnc(C(F)F)cn4)ccc3F)N=C(N)SC[C@H]12,"ligprep_1.sdf:31",99,Done,3.719,-4.5375,"glide-grid_1",-4.6797,-1.16748,-0.456,-0,-0.612008,-31.2406,-7.58446,0.416848,-0.161357,-48.4672,-38.8251,3.23656
C[C@H]1OC[C@]2(c3cc(NC(=O)c4cnc(C(F)F)cn4)ccc3F)[NH+]=C(N)SC[C@H]12,"ligprep_1.sdf:31",100,Done,2.25,-4.0207,"glide-grid_1",-5.0288,-0.226861,-0.4,-0,-1.10281,-20.8404,-14.8522,0.290578,-0.319862,-51.9654,-35.6926,1.81592
[H]/N=C1/N[C@@]2(c3cc(NC(=O)c4cnc(C(F)F)cn4)ccc3F)CO[C@H](C)[C@H]2CS1,"ligprep_1.sdf:31",101,Done,5.984,-2.01828,"glide-grid_1",-4.48888,-1.62908,0,-0,-0.607906,-43.2861,-2.0717,0.416848,-0.193688,-52.7667,-45.3578,9.6384
[H]/N=C1\N[C@@]2(c3cc(NC(=O)c4cnc(C(F)F)cn4)ccc3F)CO[C@H](C)[C@H]2CS1,"ligprep_1.sdf:31",102,Done,6.188,-2.34552,"glide-grid_1",-4.81612,-1.27347,-0.16,-0,-0.716595,-33.5917,-8.0422,0.416848,-0.196988,-51.875,-41.6339,4.36629
C[C@H]1OC[C@]2(c3cc(NC(=O)c4cnc(C(F)F)cn4)ccc3F)N=C(N)SC[C@H]12,"ligprep_1.sdf:31",103,Done,3.437,-4.5375,"glide-grid_1",-4.6797,-1.16748,-0.456,-0,-0.612008,-31.2406,-7.58446,0.416848,-0.161357,-48.4672,-38.8251,3.23656
C[C@H]1OC[C@]2(c3cc(NC(=O)c4cnc(C(F)F)cn4)ccc3F)[NH+]=C(N)SC[C@H]12,"ligprep_1.sdf:31",104,Done,2.141,-4.0207,"glide-grid_1",-5.0288,-0.226861,-0.4,-0,-1.10281,-20.8404,-14.8522,0.290578,-0.319862,-51.9654,-35.6926,1.81592
[H]/N=C1/N[C@@]2(c3cc(NC(=O)c4cnc(C(F)F)cn4)ccc3F)CO[C@H](C)[C@H]2CS1,"ligprep_1.sdf:31",105,Done,6.047,-2.01828,"glide-grid_1",-4.48888,-1.62908,0,-0,-0.607906,-43.2861,-2.0717,0.416848,-0.193688,-52.7667,-45.3578,9.6384
[H]/N=C1\N[C@@]2(c3cc(NC(=O)c4cnc(C(F)F)cn4)ccc3F)CO[C@H](C)[C@H]2CS1,"ligprep_1.sdf:31",106,Done,6.171,-2.34552,"glide-grid_1",-4.81612,-1.27347,-0.16,-0,-0.716595,-33.5917,-8.0422,0.416848,-0.196988,-51.875,-41.6339,4.36629
C[C@H]1OC[C@]2(c3cc(NC(=O)c4cnc(C(F)F)cn4)ccc3F)N=C(N)SC[C@H]12,"ligprep_1.sdf:31",107,Done,3.313,-4.37798,"glide-grid_1",-4.52018,-1.02014,-0.456,-0,-0.629621,-31.0457,-7.50517,0.416848,-0.153208,-47.6117,-38.5508,3.6329
C[C@H]1OC[C@]2(c3cc(NC(=O)c4cnc(C(F)F)cn4)ccc3F)[NH+]=C(N)SC[C@H]12,"ligprep_1.sdf:31",108,Done,2.219,-4.02722,"glide-grid_1",-5.03532,-0.228754,-0.4,-0,-1.05597,-20.7622,-15.2288,0.290578,-0.318742,-52.6525,-35.991,1.17281
[H]/N=C1/N[C@@]2(c3cc(NC(=O)c4cnc(C(F)F)cn4)ccc3F)CO[C@H](C)[C@H]2CS1,"ligprep_1.sdf:31",109,Done,5.89,-2.01828,"glide-grid_1",-4.48888,-1.62908,0,-0,-0.607906,-43.2861,-2.0717,0.416848,-0.193688,-52.7667,-45.3578,9.6384
[H]/N=C1\N[C@@]2(c3cc(NC(=O)c4cnc(C(F)F)cn4)ccc3F)CO[C@H](C)[C@H]2CS1,"ligprep_1.sdf:31",110,Done,5.953,-2.34552,"glide-grid_1",-4.81612,-1.27347,-0.16,-0,-0.716595,-33.5917,-8.0422,0.416848,-0.196988,-51.875,-41.6339,4.36629
C[C@H]1OC[C@]2(c3cc(NC(=O)c4cnc(C(F)F)cn4)ccc3F)N=C(N)SC[C@H]12,"ligprep_1.sdf:31",111,Done,3.422,-4.5375,"glide-grid_1",-4.6797,-1.16748,-0.456,-0,-0.612008,-31.2406,-7.58446,0.416848,-0.161357,-48.4672,-38.8251,3.23656
C[C@H]1OC[C@]2(c3cc(NC(=O)c4cnc(C(F)F)cn4)ccc3F)[NH+]=C(N)SC[C@H]12,"ligprep_1.sdf:31",112,Done,2.125,-4.0207,"glide-grid_1",-5.0288,-0.226861,-0.4,-0,-1.10281,-20.8404,-14.8522,0.290578,-0.319862,-51.9654,-35.6926,1.81592
[H]/N=C1\N[C@@]2(c3cc(NC(=O)c4cnc(C(F)F)cn4)ccc3F)CO[C@H](C)[C@H]2CS1,"ligprep_1.sdf:31",113,Done,5.859,-2.34552,"glide-grid_1",-4.81612,-1.27347,-0.16,-0,-0.716595,-33.5917,-8.0422,0.416848,-0.196988,-51.875,-41.6339,4.36629
[H]/N=C1/N[C@@]2(c3cc(NC(=O)c4cnc(C(F)F)cn4)ccc3F)CO[C@H](C)[C@H]2CS1,"ligprep_1.sdf:31",114,Done,5.735,-2.01828,"glide-grid_1",-4.48888,-1.62908,0,-0,-0.607906,-43.2861,-2.0717,0.416848,-0.193688,-52.7667,-45.3578,9.6384
C[C@@]1(c2cc(NC(=O)c3ccc(C#N)cn3)ccc2F)C=CSC(N)=[NH+]1,"ligprep_1.sdf:34",115,Done,1.937,-4.75418,"glide-grid_1",-5.00818,-1.30022,-0.2,-0,-1.15449,-31.2349,-7.55159,0.567898,-0.226883,-53.6925,-38.7865,3.13846
C[C@@]1(c2cc(NC(=O)c3ccc(C#N)cn3)ccc2F)C=CSC(N)=N1,"ligprep_1.sdf:34",116,Done,1.797,-3.28887,"glide-grid_1",-4.06207,-1.07037,0,-0,-1.14327,-38.0101,-2.58282,0.570684,-0.13118,-47.6883,-40.5929,6.11877
[H]/N=C1/N[C@](C)(c2cc(NC(=O)c3ccc(C#N)cn3)ccc2F)C=CS1,"ligprep_1.sdf:34",117,Done,2.453,-2.62302,"glide-grid_1",-4.54952,-0.646332,-0.312086,-0,-1.16259,-28.4688,-9.52456,0.570684,-0.147078,-46.3963,-37.9933,6.21203
[H]/N=C1\N[C@](C)(c2cc(NC(=O)c3ccc(C#N)cn3)ccc2F)C=CS1,"ligprep_1.sdf:34",118,Done,2.11,-2.77929,"glide-grid_1",-4.70579,-1.27171,-0.16,-0,-1.1881,-33.7504,-5.65561,0.570684,-0.120803,-49.4722,-39.406,3.17926
C[C@@]1(c2cc(NC(=O)c3ccc(C#N)cn3)ccc2F)C=CSC(N)=[NH+]1,"ligprep_1.sdf:34",119,Done,1.812,-4.75418,"glide-grid_1",-5.00818,-1.30022,-0.2,-0,-1.15449,-31.2349,-7.55159,0.567898,-0.226883,-53.6925,-38.7865,3.13846
C[C@@]1(c2cc(NC(=O)c3ccc(C#N)cn3)ccc2F)C=CSC(N)=N1,"ligprep_1.sdf:34",120,Done,1.797,-3.28887,"glide-grid_1",-4.06207,-1.07037,0,-0,-1.14327,-38.0101,-2.58282,0.570684,-0.13118,-47.6883,-40.5929,6.11877
[H]/N=C1/N[C@](C)(c2cc(NC(=O)c3ccc(C#N)cn3)ccc2F)C=CS1,"ligprep_1.sdf:34",121,Done,2.515,-2.62302,"glide-grid_1",-4.54952,-0.646332,-0.312086,-0,-1.16259,-28.4688,-9.52456,0.570684,-0.147078,-46.3963,-37.9933,6.21203
[H]/N=C1\N[C@](C)(c2cc(NC(=O)c3ccc(C#N)cn3)ccc2F)C=CS1,"ligprep_1.sdf:34",122,Done,2.109,-2.77929,"glide-grid_1",-4.70579,-1.27171,-0.16,-0,-1.1881,-33.7504,-5.65561,0.570684,-0.120803,-49.4722,-39.406,3.17926
C[C@@]1(c2cc(NC(=O)c3ccc(C#N)cn3)ccc2F)C=CSC(N)=[NH+]1,"ligprep_1.sdf:34",123,Done,1.828,-4.76556,"glide-grid_1",-5.01956,-1.29955,-0.2,-0,-1.15812,-31.2201,-7.6132,0.567898,-0.226798,-53.7267,-38.8333,3.19646
C[C@@]1(c2cc(NC(=O)c3ccc(C#N)cn3)ccc2F)C=CSC(N)=N1,"ligprep_1.sdf:34",124,Done,1.907,-3.14961,"glide-grid_1",-3.92281,-0.967542,0,-0,-1.15189,-37.6229,-2.41653,0.570684,-0.130443,-46.8323,-40.0394,6.16395
[H]/N=C1/N[C@](C)(c2cc(NC(=O)c3ccc(C#N)cn3)ccc2F)C=CS1,"ligprep_1.sdf:34",125,Done,2.437,-2.62302,"glide-grid_1",-4.54952,-0.646332,-0.312086,-0,-1.16259,-28.4688,-9.52456,0.570684,-0.147078,-46.3963,-37.9933,6.21203
[H]/N=C1\N[C@](C)(c2cc(NC(=O)c3ccc(C#N)cn3)ccc2F)C=CS1,"ligprep_1.sdf:34",126,Done,2.047,-2.77929,"glide-grid_1",-4.70579,-1.27171,-0.16,-0,-1.1881,-33.7504,-5.65561,0.570684,-0.120803,-49.4722,-39.406,3.17926
C[C@@]1(c2cc(NC(=O)c3ccc(C#N)cn3)ccc2F)C=CSC(N)=[NH+]1,"ligprep_1.sdf:34",127,Done,1.953,-4.75418,"glide-grid_1",-5.00818,-1.30022,-0.2,-0,-1.15449,-31.2349,-7.55159,0.567898,-0.226883,-53.6925,-38.7865,3.13846
C[C@@]1(c2cc(NC(=O)c3ccc(C#N)cn3)ccc2F)C=CSC(N)=N1,"ligprep_1.sdf:34",128,Done,1.781,-3.28887,"glide-grid_1",-4.06207,-1.07037,0,-0,-1.14327,-38.0101,-2.58282,0.570684,-0.13118,-47.6883,-40.5929,6.11877
[H]/N=C1\N[C@](C)(c2cc(NC(=O)c3ccc(C#N)cn3)ccc2F)C=CS1,"ligprep_1.sdf:34",129,Done,2.047,-2.77929,"glide-grid_1",-4.70579,-1.27171,-0.16,-0,-1.1881,-33.7504,-5.65561,0.570684,-0.120803,-49.4722,-39.406,3.17926
[H]/N=C1/N[C@](C)(c2cc(NC(=O)c3ccc(C#N)cn3)ccc2F)C=CS1,"ligprep_1.sdf:34",130,Done,2.391,-2.62302,"glide-grid_1",-4.54952,-0.646332,-0.312086,-0,-1.16259,-28.4688,-9.52456,0.570684,-0.147078,-46.3963,-37.9933,6.21203
CC(C)[NH+]1CCC([N@H+]2CCCN(c3cccc(C(=O)Nc4ccncc4)n3)CC2)CC1,"ligprep_1.sdf:35",131,Done,10.625,-4.97336,"glide-grid_1",-5.10656,-0.700855,-0.265754,-0,-1.11819,-34.3645,-10.325,0.384998,-0.13978,-62.7755,-44.6896,6.01322
CC(C)[NH+]1CCC([N@@H+]2CCCN(c3cccc(C(=O)Nc4ccncc4)n3)CC2)CC1,"ligprep_1.sdf:35",132,Done,10.157,-4.09872,"glide-grid_1",-4.23192,-0.780008,-0.149137,-0,-0.739212,-31.6314,-9.25758,0.549997,-0.143351,-56.4314,-40.889,2.29895
CC(C)[NH+]1CCC(N2CCCN(c3cccc(C(=O)Nc4ccncc4)n3)CC2)CC1,"ligprep_1.sdf:35",133,Done,8.484,-4.11294,"glide-grid_1",-5.40974,-1.13191,-0.631243,-0,-1.1018,-31.0524,-8.52828,0.386657,-0.099574,-60.5853,-39.5807,2.57267
CC(C)N1CCC([N@H+]2CCCN(c3cccc(C(=O)Nc4ccncc4)n3)CC2)CC1,"ligprep_1.sdf:35",134,Done,8.656,-3.01914,"glide-grid_1",-4.45044,-0.663847,-0.278119,-0,-0.945199,-36.6705,-7.87821,0.552368,-0.100384,-57.4161,-44.5487,3.98902
CC(C)N1CCC([N@@H+]2CCCN(c3cccc(C(=O)Nc4ccncc4)n3)CC2)CC1,"ligprep_1.sdf:35",135,Done,8.766,-1.90806,"glide-grid_1",-3.33936,-0.757987,0,-0,-0.521084,-32.6656,-6.05299,0.552368,-0.0714302,-48.0289,-38.7186,1.80189
CC(C)[NH+]1CCC([N@@H+]2CCCN(c3cccc(C(=O)Nc4ccncc4)n3)CC2)CC1,"ligprep_1.sdf:35",136,Done,9.671,-4.09872,"glide-grid_1",-4.23192,-0.780008,-0.149137,-0,-0.739212,-31.6314,-9.25758,0.549997,-0.143351,-56.4314,-40.889,2.29895
CC(C)[NH+]1CCC([N@H+]2CCCN(c3cccc(C(=O)Nc4ccncc4)n3)CC2)CC1,"ligprep_1.sdf:35",137,Done,10.563,-4.97336,"glide-grid_1",-5.10656,-0.700855,-0.265754,-0,-1.11819,-34.3645,-10.325,0.384998,-0.13978,-62.7755,-44.6896,6.01322
CC(C)[NH+]1CCC(N2CCCN(c3cccc(C(=O)Nc4ccncc4)n3)CC2)CC1,"ligprep_1.sdf:35",138,Done,8.812,-4.11294,"glide-grid_1",-5.40974,-1.13191,-0.631243,-0,-1.1018,-31.0524,-8.52828,0.386657,-0.099574,-60.5853,-39.5807,2.57267
CC(C)N1CCC([N@@H+]2CCCN(c3cccc(C(=O)Nc4ccncc4)n3)CC2)CC1,"ligprep_1.sdf:35",139,Done,8.797,-1.90806,"glide-grid_1",-3.33936,-0.757987,0,-0,-0.521084,-32.6656,-6.05299,0.552368,-0.0714302,-48.0289,-38.7186,1.80189
CC(C)N1CCC([N@H+]2CCCN(c3cccc(C(=O)Nc4ccncc4)n3)CC2)CC1,"ligprep_1.sdf:35",140,Done,8.656,-3.01914,"glide-grid_1",-4.45044,-0.663847,-0.278119,-0,-0.945199,-36.6705,-7.87821,0.552368,-0.100384,-57.4161,-44.5487,3.98902
CC(C)[NH+]1CCC([N@@H+]2CCCN(c3cccc(C(=O)Nc4ccncc4)n3)CC2)CC1,"ligprep_1.sdf:35",141,Done,10.094,-4.09872,"glide-grid_1",-4.23192,-0.780008,-0.149137,-0,-0.739212,-31.6314,-9.25758,0.549997,-0.143351,-56.4314,-40.889,2.29895
CC(C)[NH+]1CCC([N@H+]2CCCN(c3cccc(C(=O)Nc4ccncc4)n3)CC2)CC1,"ligprep_1.sdf:35",142,Done,10.265,-4.97336,"glide-grid_1",-5.10656,-0.700855,-0.265754,-0,-1.11819,-34.3645,-10.325,0.384998,-0.13978,-62.7755,-44.6896,6.01322
CC(C)[NH+]1CCC(N2CCCN(c3cccc(C(=O)Nc4ccncc4)n3)CC2)CC1,"ligprep_1.sdf:35",143,Done,8.547,-4.11294,"glide-grid_1",-5.40974,-1.13191,-0.631243,-0,-1.1018,-31.0524,-8.52828,0.386657,-0.099574,-60.5853,-39.5807,2.57267
CC(C)N1CCC([N@@H+]2CCCN(c3cccc(C(=O)Nc4ccncc4)n3)CC2)CC1,"ligprep_1.sdf:35",144,Done,8.75,-1.90806,"glide-grid_1",-3.33936,-0.757987,0,-0,-0.521084,-32.6656,-6.05299,0.552368,-0.0714302,-48.0289,-38.7186,1.80189
CC(C)N1CCC([N@H+]2CCCN(c3cccc(C(=O)Nc4ccncc4)n3)CC2)CC1,"ligprep_1.sdf:35",145,Done,8.5,-3.01914,"glide-grid_1",-4.45044,-0.663847,-0.278119,-0,-0.945199,-36.6705,-7.87821,0.552368,-0.100384,-57.4161,-44.5487,3.98902
CC(C)[NH+]1CCC([N@H+]2CCCN(c3cccc(C(=O)Nc4ccncc4)n3)CC2)CC1,"ligprep_1.sdf:35",146,Done,10.422,-4.97336,"glide-grid_1",-5.10656,-0.700855,-0.265754,-0,-1.11819,-34.3645,-10.325,0.384998,-0.13978,-62.7755,-44.6896,6.01322
CC(C)[NH+]1CCC([N@@H+]2CCCN(c3cccc(C(=O)Nc4ccncc4)n3)CC2)CC1,"ligprep_1.sdf:35",147,Done,9.906,-4.09872,"glide-grid_1",-4.23192,-0.780008,-0.149137,-0,-0.739212,-31.6314,-9.25758,0.549997,-0.143351,-56.4314,-40.889,2.29895
CC(C)[NH+]1CCC(N2CCCN(c3cccc(C(=O)Nc4ccncc4)n3)CC2)CC1,"ligprep_1.sdf:35",148,Done,8.36,-4.11294,"glide-grid_1",-5.40974,-1.13191,-0.631243,-0,-1.1018,-31.0524,-8.52828,0.386657,-0.099574,-60.5853,-39.5807,2.57267
CC(C)N1CCC([N@H+]2CCCN(c3cccc(C(=O)Nc4ccncc4)n3)CC2)CC1,"ligprep_1.sdf:35",149,Done,8.437,-3.01914,"glide-grid_1",-4.45044,-0.663847,-0.278119,-0,-0.945199,-36.6705,-7.87821,0.552368,-0.100384,-57.4161,-44.5487,3.98902
CC(C)N1CCC([N@@H+]2CCCN(c3cccc(C(=O)Nc4ccncc4)n3)CC2)CC1,"ligprep_1.sdf:35",150,Done,8.75,-1.90806,"glide-grid_1",-3.33936,-0.757987,0,-0,-0.521084,-32.6656,-6.05299,0.552368,-0.0714302,-48.0289,-38.7186,1.80189
CC(C)[NH+]1CCC([N@@H+]2CCCN(c3cccc(C(=O)Nc4ccncc4)n3)CC2)CC1,"ligprep_1.sdf:35",151,Done,9.875,-4.09872,"glide-grid_1",-4.23192,-0.780008,-0.149137,-0,-0.739212,-31.6314,-9.25758,0.549997,-0.143351,-56.4314,-40.889,2.29895
CC(C)[NH+]1CCC([N@H+]2CCCN(c3cccc(C(=O)Nc4ccncc4)n3)CC2)CC1,"ligprep_1.sdf:35",152,Done,10.672,-4.97336,"glide-grid_1",-5.10656,-0.700855,-0.265754,-0,-1.11819,-34.3645,-10.325,0.384998,-0.13978,-62.7755,-44.6896,6.01322
CC(C)[NH+]1CCC(N2CCCN(c3cccc(C(=O)Nc4ccncc4)n3)CC2)CC1,"ligprep_1.sdf:35",153,Done,8.563,-4.11294,"glide-grid_1",-5.40974,-1.13191,-0.631243,-0,-1.1018,-31.0524,-8.52828,0.386657,-0.099574,-60.5853,-39.5807,2.57267
CC(C)N1CCC([N@@H+]2CCCN(c3cccc(C(=O)Nc4ccncc4)n3)CC2)CC1,"ligprep_1.sdf:35",154,Done,8.828,-1.90806,"glide-grid_1",-3.33936,-0.757987,0,-0,-0.521084,-32.6656,-6.05299,0.552368,-0.0714302,-48.0289,-38.7186,1.80189
CC(C)N1CCC([N@H+]2CCCN(c3cccc(C(=O)Nc4ccncc4)n3)CC2)CC1,"ligprep_1.sdf:35",155,Done,8.657,-3.01914,"glide-grid_1",-4.45044,-0.663847,-0.278119,-0,-0.945199,-36.6705,-7.87821,0.552368,-0.100384,-57.4161,-44.5487,3.98902
O=C([O-])Cc1nn(Cc2nc3cc(C(F)(F)F)ccc3s2)c(=O)c2nccnc12,"ligprep_1.sdf:38",156,Done,1.703,-3.94548,"glide-grid_1",-3.94548,-0.733,-0.656643,-0,-0.63735,-20.9991,-7.37604,0.336037,-0.0981678,-38.514,-28.3752,0.854361
CN(CC(=O)Nc1nc2ccc(OC(F)(F)F)cc2s1)C(=O)CNC(=O)C[NH3+],"ligprep_1.sdf:39",157,Done,22.844,-5.98757,"glide-grid_1",-6.13527,-0.28382,-0.713035,-0,-0.821194,-31.1927,-22.5127,1.00793,-0.388606,-82.0725,-53.7055,4.83552
CN(CC(=O)Nc1nc2ccc(OC(F)(F)F)cc2s1)C(=O)CNC(=O)CN,"ligprep_1.sdf:39",158,Done,18.312,-3.58528,"glide-grid_1",-4.59798,-0.260295,-0.786789,-0,-0.816918,-28.0608,-14.4882,1.01232,-0.170026,-54.4792,-42.5489,1.92197
CN(CC(=O)[N-]c1nc2ccc(OC(F)(F)F)cc2s1)C(=O)CNC(=O)C[NH3+],"ligprep_1.sdf:39",159,Done,24.797,-3.01873,"glide-grid_1",-5.11063,-0.0766505,-0.808,-0,-0.8179,-26.7233,-18.9382,1.01232,-0.243491,-66.8602,-45.6615,2.12296
CN(CC(=O)Nc1nc2ccc(OC(F)(F)F)cc2s1)C(=O)CNC(=O)C[NH3+],"ligprep_1.sdf:39",160,Done,22.344,-5.98757,"glide-grid_1",-6.13527,-0.28382,-0.713035,-0,-0.821194,-31.1927,-22.5127,1.00793,-0.388606,-82.0725,-53.7055,4.83552
CN(CC(=O)Nc1nc2ccc(OC(F)(F)F)cc2s1)C(=O)CNC(=O)CN,"ligprep_1.sdf:39",161,Done,18.297,-3.58528,"glide-grid_1",-4.59798,-0.260295,-0.786789,-0,-0.816918,-28.0608,-14.4882,1.01232,-0.170026,-54.4792,-42.5489,1.92197
CN(CC(=O)[N-]c1nc2ccc(OC(F)(F)F)cc2s1)C(=O)CNC(=O)C[NH3+],"ligprep_1.sdf:39",162,Done,24.984,-3.01873,"glide-grid_1",-5.11063,-0.0766505,-0.808,-0,-0.8179,-26.7233,-18.9382,1.01232,-0.243491,-66.8602,-45.6615,2.12296
CN(CC(=O)Nc1nc2ccc(OC(F)(F)F)cc2s1)C(=O)CNC(=O)C[NH3+],"ligprep_1.sdf:39",163,Done,22.579,-5.98757,"glide-grid_1",-6.13527,-0.28382,-0.713035,-0,-0.821194,-31.1927,-22.5127,1.00793,-0.388606,-82.0725,-53.7055,4.83552
CN(CC(=O)Nc1nc2ccc(OC(F)(F)F)cc2s1)C(=O)CNC(=O)CN,"ligprep_1.sdf:39",164,Done,18.406,-3.58528,"glide-grid_1",-4.59798,-0.260295,-0.786789,-0,-0.816918,-28.0608,-14.4882,1.01232,-0.170026,-54.4792,-42.5489,1.92197
CN(CC(=O)[N-]c1nc2ccc(OC(F)(F)F)cc2s1)C(=O)CNC(=O)C[NH3+],"ligprep_1.sdf:39",165,Done,24.844,-3.01873,"glide-grid_1",-5.11063,-0.0766505,-0.808,-0,-0.8179,-26.7233,-18.9382,1.01232,-0.243491,-66.8602,-45.6615,2.12296
C[C@@H]1C[C@H]([NH3+])C[C@H](c2ccncc2NC(=O)c2ccc(F)c(-c3c(F)cccc3F)n2)C1,"ligprep_1.sdf:41",166,Done,3.281,-4.09582,"glide-grid_1",-4.09582,-1.3531,0,-0,-0.776895,-26.5692,-6.99899,0.512463,-0.0999864,-47.9686,-33.5682,4.33881
COc1cc(Br)c2oc(C3CC[NH2+]CC3)cc2c1,"ligprep_1.sdf:48",167,Done,1.235,-5.21371,"glide-grid_1",-5.21411,-0.7739,-0.176109,-0,-1.81731,-22.558,-9.01943,0.134025,-0.1,-43.1581,-31.5775,5.02817
OCC[NH+]1CCN(CC/C=C2/c3ccccc3Sc3ccc(Cl)cc32)CC1,"ligprep_1.sdf:49",168,Done,5.5,-4.81188,"glide-grid_1",-5.03788,-0.809892,-0.536271,-0,-1.19836,-20.8155,-11.8503,0.424968,-0.1,-45.5883,-32.6658,6.28727
OCCN1CC[NH+](CC/C=C2/c3ccccc3Sc3ccc(Cl)cc32)CC1,"ligprep_1.sdf:49",169,Done,6.109,-4.01316,"glide-grid_1",-4.90056,-1.36919,-0.428942,-0,-0.893364,-28.4579,-8.62176,0.607097,-0.1,-47.4819,-37.0797,10.6647
OCCN1CCN(CC/C=C2/c3ccccc3Sc3ccc(Cl)cc32)CC1,"ligprep_1.sdf:49",170,Done,7.047,-1.5815,"glide-grid_1",-2.986,-0.489428,-0.16,-0,-0.675236,-26.1543,-6.42312,0.609848,0,-35.5102,-32.5774,7.48838
OCC[NH+]1CCN(CC/C=C2/c3ccccc3Sc3ccc(Cl)cc32)CC1,"ligprep_1.sdf:49",171,Done,5.515,-4.81188,"glide-grid_1",-5.03788,-0.809892,-0.536271,-0,-1.19836,-20.8155,-11.8503,0.424968,-0.1,-45.5883,-32.6658,6.28727
OCCN1CC[NH+](CC/C=C2/c3ccccc3Sc3ccc(Cl)cc32)CC1,"ligprep_1.sdf:49",172,Done,6.015,-4.01316,"glide-grid_1",-4.90056,-1.36919,-0.428942,-0,-0.893364,-28.4579,-8.62176,0.607097,-0.1,-47.4819,-37.0797,10.6647
OCCN1CCN(CC/C=C2/c3ccccc3Sc3ccc(Cl)cc32)CC1,"ligprep_1.sdf:49",173,Done,7.25,-1.5815,"glide-grid_1",-2.986,-0.489428,-0.16,-0,-0.675236,-26.1543,-6.42312,0.609848,0,-35.5102,-32.5774,7.48838
OCC[NH+]1CCN(CC/C=C2/c3ccccc3Sc3ccc(Cl)cc32)CC1,"ligprep_1.sdf:49",174,Done,5.406,-4.81188,"glide-grid_1",-5.03788,-0.809892,-0.536271,-0,-1.19836,-20.8155,-11.8503,0.424968,-0.1,-45.5883,-32.6658,6.28727
OCCN1CC[NH+](CC/C=C2/c3ccccc3Sc3ccc(Cl)cc32)CC1,"ligprep_1.sdf:49",175,Done,6.125,-4.01316,"glide-grid_1",-4.90056,-1.36919,-0.428942,-0,-0.893364,-28.4579,-8.62176,0.607097,-0.1,-47.4819,-37.0797,10.6647
OCCN1CCN(CC/C=C2/c3ccccc3Sc3ccc(Cl)cc32)CC1,"ligprep_1.sdf:49",176,Done,7.188,-1.5815,"glide-grid_1",-2.986,-0.489428,-0.16,-0,-0.675236,-26.1543,-6.42312,0.609848,0,-35.5102,-32.5774,7.48838
O=C(Nc1ncc([N+](=O)[O-])s1)c1cccs1,"ligprep_1.sdf:51",177,Done,0.875,-4.40052,"glide-grid_1",-4.41412,-0.733381,-0.32,-0,-1.69258,-29.4284,-5.54606,0.810425,-0.175255,-43.5733,-34.9745,1.68321
O=C([N-]c1ncc([N+](=O)[O-])s1)c1cccs1,"ligprep_1.sdf:51",178,Done,0.906,-1.75458,"glide-grid_1",-3.99808,-1.32265,0,-0,-1.78421,-25.0775,-3.022,0.815952,0,-33.8166,-28.0995,1.39112
O=C(Nc1ncc([N+](=O)[O-])s1)c1cccs1,"ligprep_1.sdf:51",179,Done,0.875,-4.40052,"glide-grid_1",-4.41412,-0.733381,-0.32,-0,-1.69258,-29.4284,-5.54606,0.810425,-0.175255,-43.5733,-34.9745,1.68321
O=C([N-]c1ncc([N+](=O)[O-])s1)c1cccs1,"ligprep_1.sdf:51",180,Done,0.953,-1.75458,"glide-grid_1",-3.99808,-1.32265,0,-0,-1.78421,-25.0775,-3.022,0.815952,0,-33.8166,-28.0995,1.39112
O[C@H](c1ccc(Cl)cc1)c1cc2ccccc2o1,"ligprep_1.sdf:52",181,Done,0.922,-3.85068,"glide-grid_1",-3.85068,-0.593468,0,-0,-1.64523,-25.6808,-5.70658,0.528044,0,-38.1932,-31.3873,0.588092
O[C@@H](c1ccc(Cl)cc1)c1cc2ccccc2o1,"ligprep_1.sdf:52",182,Done,0.922,-3.99183,"glide-grid_1",-3.99183,-0.74039,-0.32,-0,-1.64523,-24.1589,-4.042,0.528044,0,-34.9551,-28.201,0.561351
O=C(Nc1c(Br)cc(Br)cc1C[NH2+][C@H]1CC[C@H](O)CC1)c1cccs1,"ligprep_1.sdf:54",183,Done,3.64,-4.70551,"glide-grid_1",-4.72061,-0.701495,-0.456,-0,-0.298326,-28.4602,-14.6441,0.509911,-0.155076,-55.3233,-43.1043,9.11055
O=C(Nc1c(Br)cc(Br)cc1CN[C@H]1CC[C@H](O)CC1)c1cccs1,"ligprep_1.sdf:54",184,Done,5.188,-2.4946,"glide-grid_1",-4.6761,-0.654907,-0.72,-0,-0.0801982,-28.3833,-14.4871,0.511839,-0.140593,-53.319,-42.8705,5.40489
O=C(Nc1c(Br)cc(Br)cc1C[NH2+][C@H]1CC[C@H](O)CC1)c1cccs1,"ligprep_1.sdf:54",185,Done,3.766,-4.70551,"glide-grid_1",-4.72061,-0.701495,-0.456,-0,-0.298326,-28.4602,-14.6441,0.509911,-0.155076,-55.3233,-43.1043,9.11055
O=C(Nc1c(Br)cc(Br)cc1CN[C@H]1CC[C@H](O)CC1)c1cccs1,"ligprep_1.sdf:54",186,Done,4.922,-2.4946,"glide-grid_1",-4.6761,-0.654907,-0.72,-0,-0.0801982,-28.3833,-14.4871,0.511839,-0.140593,-53.319,-42.8705,5.40489
CCOC(=O)c1ccc(OC(=O)CCCCCNC(N)=[NH2+])cc1,"ligprep_1.sdf:59",187,Done,41.922,-6.01563,"glide-grid_1",-6.01563,-1.10005,-0.415397,-0,-1.91383,-24.3796,-16.9621,1.38544,-0.208489,-61.1331,-41.3417,2.87949
C[NH+]1CCN(CCCN2c3ccccc3Sc3ccccc32)CC1,"ligprep_1.sdf:60",188,Done,1.766,-4.18236,"glide-grid_1",-4.47266,-0.733825,0,-0,-1.97526,-27.5694,-5.77348,0.490015,-0.00909947,-42.5643,-33.3429,5.48236
CN1CC[NH+](CCCN2c3ccccc3Sc3ccccc32)CC1,"ligprep_1.sdf:60",189,Done,2.078,-3.10887,"glide-grid_1",-3.70767,-0.984824,0,-0,-1.0912,-25.9382,-5.49838,0.490015,0,-37.8406,-31.4365,5.33687
CN1CCN(CCCN2c3ccccc3Sc3ccccc32)CC1,"ligprep_1.sdf:60",190,Done,2.406,-1.33709,"glide-grid_1",-3.56119,-1.24938,0,-0,-1.09433,-31.8258,-0.783032,0.492597,-0.00133485,-34.2774,-32.6088,8.88283
C[NH+]1CCN(CCCN2c3ccccc3Sc3ccccc32)CC1,"ligprep_1.sdf:60",191,Done,2,-4.18236,"glide-grid_1",-4.47266,-0.733825,0,-0,-1.97526,-27.5694,-5.77348,0.490015,-0.00909947,-42.5643,-33.3429,5.48236
CN1CC[NH+](CCCN2c3ccccc3Sc3ccccc32)CC1,"ligprep_1.sdf:60",192,Done,2.141,-3.10887,"glide-grid_1",-3.70767,-0.984824,0,-0,-1.0912,-25.9382,-5.49838,0.490015,0,-37.8406,-31.4365,5.33687
CN1CCN(CCCN2c3ccccc3Sc3ccccc32)CC1,"ligprep_1.sdf:60",193,Done,2.343,-1.33709,"glide-grid_1",-3.56119,-1.24938,0,-0,-1.09433,-31.8258,-0.783032,0.492597,-0.00133485,-34.2774,-32.6088,8.88283
C[NH+]1CCN(CCCN2c3ccccc3Sc3ccccc32)CC1,"ligprep_1.sdf:60",194,Done,2.125,-4.18236,"glide-grid_1",-4.47266,-0.733825,0,-0,-1.97526,-27.5694,-5.77348,0.490015,-0.00909947,-42.5643,-33.3429,5.48236
CN1CC[NH+](CCCN2c3ccccc3Sc3ccccc32)CC1,"ligprep_1.sdf:60",195,Done,2.141,-3.10887,"glide-grid_1",-3.70767,-0.984824,0,-0,-1.0912,-25.9382,-5.49838,0.490015,0,-37.8406,-31.4365,5.33687
CN1CCN(CCCN2c3ccccc3Sc3ccccc32)CC1,"ligprep_1.sdf:60",196,Done,2.437,-1.33709,"glide-grid_1",-3.56119,-1.24938,0,-0,-1.09433,-31.8258,-0.783032,0.492597,-0.00133485,-34.2774,-32.6088,8.88283
NC1=N[C@@]2(c3cc(NC(=O)c4ccc(F)cn4)ccc3F)COC[C@H]2CS1,"ligprep_1.sdf:65",197,Done,2.266,-4.06405,"glide-grid_1",-4.21055,-0.370192,-0.479933,-0,-0.803026,-28.4094,-9.84838,0.511858,-0.171533,-45.8123,-38.2578,4.32111
NC1=[NH+][C@@]2(c3cc(NC(=O)c4ccc(F)cn4)ccc3F)COC[C@H]2CS1,"ligprep_1.sdf:65",198,Done,1.765,-4.57096,"glide-grid_1",-5.56636,-1.31218,-0.211959,-0,-1.4598,-28.7657,-8.22403,0.356645,-0.267182,-52.0285,-36.9897,7.71941
[H]/N=C1/N[C@@]2(c3cc(NC(=O)c4ccc(F)cn4)ccc3F)COC[C@H]2CS1,"ligprep_1.sdf:65",199,Done,4.172,-1.87539,"glide-grid_1",-4.31279,-0.542241,-0.409332,-0,-0.878659,-28.027,-9.65449,0.511858,-0.144895,-44.245,-37.6815,6.55408
[H]/N=C1\N[C@@]2(c3cc(NC(=O)c4ccc(F)cn4)ccc3F)COC[C@H]2CS1,"ligprep_1.sdf:65",200,Done,4.141,-1.98913,"glide-grid_1",-4.42653,-1.2788,-0.16,-0,-0.878391,-32.1763,-5.9287,0.511858,-0.123074,-47.614,-38.105,2.42609
NC1=N[C@@]2(c3cc(NC(=O)c4ccc(F)cn4)ccc3F)COC[C@H]2CS1,"ligprep_1.sdf:65",201,Done,2.375,-4.06405,"glide-grid_1",-4.21055,-0.370192,-0.479933,-0,-0.803026,-28.4094,-9.84838,0.511858,-0.171533,-45.8123,-38.2578,4.32111
NC1=[NH+][C@@]2(c3cc(NC(=O)c4ccc(F)cn4)ccc3F)COC[C@H]2CS1,"ligprep_1.sdf:65",202,Done,1.797,-4.57096,"glide-grid_1",-5.56636,-1.31218,-0.211959,-0,-1.4598,-28.7657,-8.22403,0.356645,-0.267182,-52.0285,-36.9897,7.71941
[H]/N=C1/N[C@@]2(c3cc(NC(=O)c4ccc(F)cn4)ccc3F)COC[C@H]2CS1,"ligprep_1.sdf:65",203,Done,4,-1.87539,"glide-grid_1",-4.31279,-0.542241,-0.409332,-0,-0.878659,-28.027,-9.65449,0.511858,-0.144895,-44.245,-37.6815,6.55408
[H]/N=C1\N[C@@]2(c3cc(NC(=O)c4ccc(F)cn4)ccc3F)COC[C@H]2CS1,"ligprep_1.sdf:65",204,Done,3.938,-1.98913,"glide-grid_1",-4.42653,-1.2788,-0.16,-0,-0.878391,-32.1763,-5.9287,0.511858,-0.123074,-47.614,-38.105,2.42609
NC1=N[C@@]2(c3cc(NC(=O)c4ccc(F)cn4)ccc3F)COC[C@H]2CS1,"ligprep_1.sdf:65",205,Done,2.344,-3.90939,"glide-grid_1",-4.05589,-0.366544,-0.477127,-0,-0.757742,-27.3572,-9.50079,0.511858,-0.17335,-44.0128,-36.858,4.47901
NC1=[NH+][C@@]2(c3cc(NC(=O)c4ccc(F)cn4)ccc3F)COC[C@H]2CS1,"ligprep_1.sdf:65",206,Done,1.859,-2.92911,"glide-grid_1",-3.92451,-0.258328,-0.2,-0,-0.995842,-23.3301,-10.6308,0.509493,-0.218714,-46.7556,-33.9609,0.647976
[H]/N=C1/N[C@@]2(c3cc(NC(=O)c4ccc(F)cn4)ccc3F)COC[C@H]2CS1,"ligprep_1.sdf:65",207,Done,4.203,-1.87539,"glide-grid_1",-4.31279,-0.542241,-0.409332,-0,-0.878659,-28.027,-9.65449,0.511858,-0.144895,-44.245,-37.6815,6.55408
[H]/N=C1\N[C@@]2(c3cc(NC(=O)c4ccc(F)cn4)ccc3F)COC[C@H]2CS1,"ligprep_1.sdf:65",208,Done,4.016,-1.98913,"glide-grid_1",-4.42653,-1.2788,-0.16,-0,-0.878391,-32.1763,-5.9287,0.511858,-0.123074,-47.614,-38.105,2.42609
NC1=N[C@@]2(c3cc(NC(=O)c4ccc(F)cn4)ccc3F)COC[C@H]2CS1,"ligprep_1.sdf:65",209,Done,2.312,-4.06405,"glide-grid_1",-4.21055,-0.370192,-0.479933,-0,-0.803026,-28.4094,-9.84838,0.511858,-0.171533,-45.8123,-38.2578,4.32111
NC1=[NH+][C@@]2(c3cc(NC(=O)c4ccc(F)cn4)ccc3F)COC[C@H]2CS1,"ligprep_1.sdf:65",210,Done,2.125,-4.57096,"glide-grid_1",-5.56636,-1.31218,-0.211959,-0,-1.4598,-28.7657,-8.22403,0.356645,-0.267182,-52.0285,-36.9897,7.71941
[H]/N=C1\N[C@@]2(c3cc(NC(=O)c4ccc(F)cn4)ccc3F)COC[C@H]2CS1,"ligprep_1.sdf:65",211,Done,4.297,-1.98913,"glide-grid_1",-4.42653,-1.2788,-0.16,-0,-0.878391,-32.1763,-5.9287,0.511858,-0.123074,-47.614,-38.105,2.42609
[H]/N=C1/N[C@@]2(c3cc(NC(=O)c4ccc(F)cn4)ccc3F)COC[C@H]2CS1,"ligprep_1.sdf:65",212,Done,4.469,-1.87539,"glide-grid_1",-4.31279,-0.542241,-0.409332,-0,-0.878659,-28.027,-9.65449,0.511858,-0.144895,-44.245,-37.6815,6.55408
N#CC(CCN1CCC(C(N)=O)([NH+]2CCCCC2)CC1)(c1ccccc1)c1ccccc1,"ligprep_1.sdf:67",213,Done,5.75,-4.10879,"glide-grid_1",-4.21959,-0.60463,-0.395429,-0,-0.996411,-19.4838,-9.72924,0.448499,-0.238045,-40.1625,-29.213,3.13598
N#CC(CC[NH+]1CCC(C(N)=O)(N2CCCCC2)CC1)(c1ccccc1)c1ccccc1,"ligprep_1.sdf:67",214,Done,7.297,-2.96298,"glide-grid_1",-4.48118,-1.13478,-0.41521,-0,-0.691411,-26.1396,-9.74621,0.640713,-0.111574,-45.0884,-35.8858,8.86023
N#CC(CC[NH+]1CCC(C(N)=O)([NH+]2CCCCC2)CC1)(c1ccccc1)c1ccccc1,"ligprep_1.sdf:67",215,Done,7.687,-2.89608,"glide-grid_1",-4.52298,-1.038,-0.0678372,-0,-0.909539,-23.6427,-12.3974,0.638011,-0.103865,-50.4679,-36.0401,3.20902
N#CC(CCN1CCC(C(N)=O)(N2CCCCC2)CC1)(c1ccccc1)c1ccccc1,"ligprep_1.sdf:67",216,Done,6.891,-2.37548,"glide-grid_1",-4.46848,-1.80302,-0.32,-0,-0.480438,-34.3556,-5.13398,0.643433,-0.0205874,-47.6945,-39.4896,5.19892
N#CC(CCN1CCC(C(N)=O)([NH+]2CCCCC2)CC1)(c1ccccc1)c1ccccc1,"ligprep_1.sdf:67",217,Done,5.844,-4.10879,"glide-grid_1",-4.21959,-0.60463,-0.395429,-0,-0.996411,-19.4838,-9.72924,0.448499,-0.238045,-40.1625,-29.213,3.13598
N#CC(CC[NH+]1CCC(C(N)=O)(N2CCCCC2)CC1)(c1ccccc1)c1ccccc1,"ligprep_1.sdf:67",218,Done,7.219,-2.96298,"glide-grid_1",-4.48118,-1.13478,-0.41521,-0,-0.691411,-26.1396,-9.74621,0.640713,-0.111574,-45.0884,-35.8858,8.86023
N#CC(CC[NH+]1CCC(C(N)=O)([NH+]2CCCCC2)CC1)(c1ccccc1)c1ccccc1,"ligprep_1.sdf:67",219,Done,7.312,-2.89608,"glide-grid_1",-4.52298,-1.038,-0.0678372,-0,-0.909539,-23.6427,-12.3974,0.638011,-0.103865,-50.4679,-36.0401,3.20902
N#CC(CCN1CCC(C(N)=O)(N2CCCCC2)CC1)(c1ccccc1)c1ccccc1,"ligprep_1.sdf:67",220,Done,6.547,-2.37548,"glide-grid_1",-4.46848,-1.80302,-0.32,-0,-0.480438,-34.3556,-5.13398,0.643433,-0.0205874,-47.6945,-39.4896,5.19892
N#CC(CCN1CCC(C(N)=O)([NH+]2CCCCC2)CC1)(c1ccccc1)c1ccccc1,"ligprep_1.sdf:67",221,Done,5.141,-4.10879,"glide-grid_1",-4.21959,-0.60463,-0.395429,-0,-0.996411,-19.4838,-9.72924,0.448499,-0.238045,-40.1625,-29.213,3.13598
N#CC(CC[NH+]1CCC(C(N)=O)(N2CCCCC2)CC1)(c1ccccc1)c1ccccc1,"ligprep_1.sdf:67",222,Done,7.25,-2.96298,"glide-grid_1",-4.48118,-1.13478,-0.41521,-0,-0.691411,-26.1396,-9.74621,0.640713,-0.111574,-45.0884,-35.8858,8.86023
N#CC(CC[NH+]1CCC(C(N)=O)([NH+]2CCCCC2)CC1)(c1ccccc1)c1ccccc1,"ligprep_1.sdf:67",223,Done,7.562,-2.89608,"glide-grid_1",-4.52298,-1.038,-0.0678372,-0,-0.909539,-23.6427,-12.3974,0.638011,-0.103865,-50.4679,-36.0401,3.20902
N#CC(CCN1CCC(C(N)=O)(N2CCCCC2)CC1)(c1ccccc1)c1ccccc1,"ligprep_1.sdf:67",224,Done,6.829,-2.37548,"glide-grid_1",-4.46848,-1.80302,-0.32,-0,-0.480438,-34.3556,-5.13398,0.643433,-0.0205874,-47.6945,-39.4896,5.19892
N#CC(CCN1CCC(C(N)=O)([NH+]2CCCCC2)CC1)(c1ccccc1)c1ccccc1,"ligprep_1.sdf:67",225,Done,5.609,-4.10879,"glide-grid_1",-4.21959,-0.60463,-0.395429,-0,-0.996411,-19.4838,-9.72924,0.448499,-0.238045,-40.1625,-29.213,3.13598
N#CC(CC[NH+]1CCC(C(N)=O)(N2CCCCC2)CC1)(c1ccccc1)c1ccccc1,"ligprep_1.sdf:67",226,Done,7.297,-2.96298,"glide-grid_1",-4.48118,-1.13478,-0.41521,-0,-0.691411,-26.1396,-9.74621,0.640713,-0.111574,-45.0884,-35.8858,8.86023
N#CC(CC[NH+]1CCC(C(N)=O)([NH+]2CCCCC2)CC1)(c1ccccc1)c1ccccc1,"ligprep_1.sdf:67",227,Done,7.39,-2.89608,"glide-grid_1",-4.52298,-1.038,-0.0678372,-0,-0.909539,-23.6427,-12.3974,0.638011,-0.103865,-50.4679,-36.0401,3.20902
N#CC(CCN1CCC(C(N)=O)(N2CCCCC2)CC1)(c1ccccc1)c1ccccc1,"ligprep_1.sdf:67",228,Done,7.313,-2.37548,"glide-grid_1",-4.46848,-1.80302,-0.32,-0,-0.480438,-34.3556,-5.13398,0.643433,-0.0205874,-47.6945,-39.4896,5.19892
COc1ccc2[nH]cc(CCNC(=O)c3cc(=O)cco3)c2c1,"ligprep_1.sdf:72",229,Done,2.859,-3.9295,"glide-grid_1",-3.9295,-1.05755,0,-0,-1.27964,-32.7494,-4.14981,0.761013,-0.0933787,-43.2753,-36.8992,5.40355
CN1C(N)=N[C@](C)(c2cc(NC(=O)c3ccc(F)cn3)ccc2F)CS1(=O)=O,"ligprep_1.sdf:73",230,Done,1.25,-3.90858,"glide-grid_1",-3.93778,-0.696459,-0.12043,-0,-0.716528,-31.2201,-7.76836,0.469891,-0.147991,-46.113,-38.9884,4.45378
CN1C(N)=[NH+][C@](C)(c2cc(NC(=O)c3ccc(F)cn3)ccc2F)CS1(=O)=O,"ligprep_1.sdf:73",231,Done,1.516,-3.03968,"glide-grid_1",-4.86058,-0.977741,-0.420678,-0,-1.39111,-23.1556,-6.8276,0.327468,-0.216599,-44.4013,-29.9832,2.1795
CN1C(N)=N[C@](C)(c2cc(NC(=O)c3ccc(F)cn3)ccc2F)CS1(=O)=O,"ligprep_1.sdf:73",232,Done,1.297,-3.90858,"glide-grid_1",-3.93778,-0.696459,-0.12043,-0,-0.716528,-31.2201,-7.76836,0.469891,-0.147991,-46.113,-38.9884,4.45378
CN1C(N)=[NH+][C@](C)(c2cc(NC(=O)c3ccc(F)cn3)ccc2F)CS1(=O)=O,"ligprep_1.sdf:73",233,Done,1.312,-3.03968,"glide-grid_1",-4.86058,-0.977741,-0.420678,-0,-1.39111,-23.1556,-6.8276,0.327468,-0.216599,-44.4013,-29.9832,2.1795
Cn1ncc(Cl)c1-c1cc(C(=O)N[C@H](C[NH3+])Cc2ccc(F)c(F)c2)oc1Cl,"ligprep_1.sdf:83",234,Done,6.063,-5.82506,"glide-grid_1",-5.82796,-1.12562,-0.2,-0,-0.832657,-35.9334,-15.0076,0.536939,-0.15881,-77.5573,-50.941,2.01417
O=C(N[C@H]1C[N@H+]2CC[C@@H]1CC2)c1cc2cccc(Cl)c2s1,"ligprep_1.sdf:89",235,Done,0.984,-4.15066,"glide-grid_1",-4.15146,-0.817366,-0.0323421,-0,-1.43969,-24.6234,-6.9592,0.54136,-0.128369,-44.1482,-31.5826,0.347597
OC[C@H]1O[C@@H](c2ccc(F)c(Cc3cc4ccccc4s3)c2)[C@H](O)[C@@H](O)[C@@H]1O,"ligprep_1.sdf:90",236,Done,4.235,-3.72629,"glide-grid_1",-3.72629,-0.71065,0,-0,-0.717467,-27.7366,-9.27782,0.480328,0,-44.6728,-37.0144,4.9521
Cn1ncc(Cl)c1-c1cc(C(=O)N[C@H](C[NH3+])Cc2cccc(F)c2)sc1Cl,"ligprep_1.sdf:91",237,Done,7.671,-5.13451,"glide-grid_1",-5.13851,-0.554932,-0.36,-0,-1.02161,-27.1366,-14.5179,0.541314,-0.208772,-54.9871,-41.6544,12.9762
COP(=S)(OC)SCN1C(=O)c2ccccc2C1=O,"ligprep_1.sdf:95",238,Done,2.047,-4.63316,"glide-grid_1",-4.63316,-0.622394,-0.571751,-0,-1.36417,-25.583,-7.2964,0.370017,-0.0712504,-39.7457,-32.8794,6.45774
COc1ccc(F)cc1C[C@@](O)(C1CCOCC1)[C@@H]1CNCCO1,"ligprep_1.sdf:96",240,Done,3.375,-1.8286,"glide-grid_1",-4.0271,-1.05212,-0.0912193,-0,-1.11489,-26.1598,-7.45336,0.657128,0,-37.2846,-33.6132,11.0422
COc1ccc(F)cc1C[C@@](O)(C1CCOCC1)[C@@H]1CNCCO1,"ligprep_1.sdf:96",242,Done,2.578,-1.8286,"glide-grid_1",-4.0271,-1.05212,-0.0912193,-0,-1.11489,-26.1598,-7.45336,0.657128,0,-37.2846,-33.6132,11.0422
CC(=O)c1cc2cccc(OC[C@H](O)C[NH2+]C(C)C)c2o1,"ligprep_1.sdf:99",243,Done,7.563,-4.49057,"glide-grid_1",-4.49297,-0.854442,-0.306607,-0,-1.76116,-25.2405,-9.178,1.06797,0,-43.9823,-34.4185,8.27555
CC(=O)c1cc2cccc(OC[C@@H](O)C[NH2+]C(C)C)c2o1,"ligprep_1.sdf:99",244,Done,7.75,-5.94662,"glide-grid_1",-5.94902,-0.730329,-0.576,-0,-1.64079,-25.4963,-18.2056,1.06797,-0.0641982,-55.3451,-43.702,17.2109
CNC(=O)c1cc(Oc2ccc(NC(=O)Nc3ccc(Cl)c(C(F)(F)F)c3)c(F)c2)ccn1,"ligprep_1.sdf:100",245,Done,9.844,-4.55216,"glide-grid_1",-4.55216,-0.679102,-0.504191,-0,-0.256387,-37.0586,-10.7478,0.60947,-0.256849,-60.5714,-47.8064,2.094
NS(=O)(=O)c1nc2ccc(O)cc2s1,"ZEC",246,Done,0.843,-5.20104,"glide-grid_1",-5.26594,-0.773629,-0.32,-0,-1.83909,-20.1097,-8.46817,0,-0.0575077,-38.2881,-28.5779,0.685785
NS(=O)(=O)c1nc2ccc([O-])cc2s1,"ZEC",247,Done,0.531,-3.30621,"glide-grid_1",-4.76691,-0.389122,-0.456,-0,-1.84597,-15.4553,-7.53229,0,-0.173212,-30.9838,-22.9875,0.10222
[NH-]S(=O)(=O)c1nc2ccc(O)cc2s1,"ZEC",248,Done,0.641,-1.84897,"glide-grid_1",-4.22137,-0.300111,-0.16,-0,-1.91438,-15.4208,-7.17223,0,0,-29.3209,-22.593,0.854598
NS(=O)(=O)c1nc2ccc(O)cc2s1,"ZEC",249,Done,0.75,-5.20104,"glide-grid_1",-5.26594,-0.773629,-0.32,-0,-1.83909,-20.1097,-8.46817,0,-0.0575077,-38.2881,-28.5779,0.685785
NS(=O)(=O)c1nc2ccc([O-])cc2s1,"ZEC",250,Done,0.594,-3.30621,"glide-grid_1",-4.76691,-0.389122,-0.456,-0,-1.84597,-15.4553,-7.53229,0,-0.173212,-30.9838,-22.9875,0.10222
[NH-]S(=O)(=O)c1nc2ccc(O)cc2s1,"ZEC",251,Done,0.797,-1.84897,"glide-grid_1",-4.22137,-0.300111,-0.16,-0,-1.91438,-15.4208,-7.17223,0,0,-29.3209,-22.593,0.854598
NS(=O)(=O)c1nc2ccc(O)cc2s1,"ZEC",252,Done,0.828,-5.20104,"glide-grid_1",-5.26594,-0.773629,-0.32,-0,-1.83909,-20.1097,-8.46817,0,-0.0575077,-38.2881,-28.5779,0.685785
NS(=O)(=O)c1nc2ccc([O-])cc2s1,"ZEC",253,Done,0.578,-3.30621,"glide-grid_1",-4.76691,-0.389122,-0.456,-0,-1.84597,-15.4553,-7.53229,0,-0.173212,-30.9838,-22.9875,0.10222
[NH-]S(=O)(=O)c1nc2ccc(O)cc2s1,"ZEC",254,Done,0.75,-1.84897,"glide-grid_1",-4.22137,-0.300111,-0.16,-0,-1.91438,-15.4208,-7.17223,0,0,-29.3209,-22.593,0.854598
NNC(=O)c1ccc(-c2ccccc2Cl)o1,"YE6",255,Done,1.031,-4.08589,"glide-grid_1",-4.08589,-0.566527,-0.226922,-0,-1.96816,-24.6748,-4.70385,0.615033,0,-36.1459,-29.3787,1.14952
NC(=[NH2+])c1ccc(CN2CCN(S(=O)(=O)c3cc4ccc(Cl)cc4s3)CC2=O)cc1,"RTR",256,Done,8.265,-5.97729,"glide-grid_1",-5.97729,-0.243218,-0.0735766,-0,-0.82913,-23.8803,-24.5436,0.262154,-0.217964,-70.4648,-48.4239,5.2772
NC(=[NH2+])c1cccc(CN2CCN(S(=O)(=O)c3cc4ccc(Cl)cc4s3)CC2=O)c1,"RRP",257,Done,7.532,-6.13536,"glide-grid_1",-6.13536,-0.276781,-0.121574,-0,-0.902542,-24.2141,-24.621,0.262154,-0.192755,-74.0729,-48.8352,1.46189
O=C1CSC(c2nc3ccc(O)cc3s2)=N1,"OLU",258,Done,0.672,-4.67246,"glide-grid_1",-4.72766,-0.671033,-0.32,-0,-1.70251,-26.4601,-6.1605,0.279427,-0.0664698,-41.2622,-32.6206,1.37877
O=C1CSC(c2nc3ccc([O-])cc3s2)=N1,"OLU",259,Done,0.453,-2.789,"glide-grid_1",-4.2223,-0.786021,0,-0,-2.20493,-22.9116,-2.4476,0.281366,0,-30.8731,-25.3592,0.407495
O=C1CSC(c2nc3ccc(O)cc3s2)=N1,"OLU",260,Done,0.609,-4.67246,"glide-grid_1",-4.72766,-0.671033,-0.32,-0,-1.70251,-26.4601,-6.1605,0.279427,-0.0664698,-41.2622,-32.6206,1.37877
O=C1CSC(c2nc3ccc([O-])cc3s2)=N1,"OLU",261,Done,0.469,-2.789,"glide-grid_1",-4.2223,-0.786021,0,-0,-2.20493,-22.9116,-2.4476,0.281366,0,-30.8731,-25.3592,0.407495
O=C(CN1C[C@H](NC(=O)c2ccc(Cl)s2)[C@@H](F)C1)Nc1ccc(-n2ccccc2=O)cc1F,"LZG",262,Done,7.844,-4.30893,"glide-grid_1",-4.37053,-0.720029,-0.436576,-0,-0.784281,-35.0193,-7.80985,0.670614,-0.177817,-53.3613,-42.8292,3.35242
O=C(C[N@H+]1C[C@H](NC(=O)c2ccc(Cl)s2)[C@@H](F)C1)Nc1ccc(-n2ccccc2=O)cc1F,"LZG",263,Done,7.781,-4.08,"glide-grid_1",-5.4513,-0.631931,-0.574761,-0,-0.718333,-33.3731,-13.995,0.467677,-0.226037,-63.1404,-47.3682,12.8808
O=C(C[N@@H+]1C[C@H](NC(=O)c2ccc(Cl)s2)[C@@H](F)C1)Nc1ccc(-n2ccccc2=O)cc1F,"LZG",264,Done,8.609,-3.46856,"glide-grid_1",-4.83986,-0.810751,-0.448157,-0,-0.309225,-35.1008,-13.5415,0.66811,-0.153567,-64.6137,-48.6423,3.46689
O=C(CN1C[C@H](NC(=O)c2ccc(Cl)s2)[C@@H](F)C1)Nc1ccc(-n2ccccc2=O)cc1F,"LZG",265,Done,7.984,-4.30893,"glide-grid_1",-4.37053,-0.720029,-0.436576,-0,-0.784281,-35.0193,-7.80985,0.670614,-0.177817,-53.3613,-42.8292,3.35242
O=C(C[N@H+]1C[C@H](NC(=O)c2ccc(Cl)s2)[C@@H](F)C1)Nc1ccc(-n2ccccc2=O)cc1F,"LZG",266,Done,7.578,-4.08,"glide-grid_1",-5.4513,-0.631931,-0.574761,-0,-0.718333,-33.3731,-13.995,0.467677,-0.226037,-63.1404,-47.3682,12.8808
O=C(C[N@@H+]1C[C@H](NC(=O)c2ccc(Cl)s2)[C@@H](F)C1)Nc1ccc(-n2ccccc2=O)cc1F,"LZG",267,Done,8.359,-3.46856,"glide-grid_1",-4.83986,-0.810751,-0.448157,-0,-0.309225,-35.1008,-13.5415,0.66811,-0.153567,-64.6137,-48.6423,3.46689
O=C(CN1C[C@H](NC(=O)c2ccc(Cl)s2)[C@@H](F)C1)Nc1ccc(-n2ccccc2=O)cc1F,"LZG",268,Done,8.032,-4.30893,"glide-grid_1",-4.37053,-0.720029,-0.436576,-0,-0.784281,-35.0193,-7.80985,0.670614,-0.177817,-53.3613,-42.8292,3.35242
O=C(C[N@@H+]1C[C@H](NC(=O)c2ccc(Cl)s2)[C@@H](F)C1)Nc1ccc(-n2ccccc2=O)cc1F,"LZG",269,Done,8.468,-3.46856,"glide-grid_1",-4.83986,-0.810751,-0.448157,-0,-0.309225,-35.1008,-13.5415,0.66811,-0.153567,-64.6137,-48.6423,3.46689
O=C(C[N@H+]1C[C@H](NC(=O)c2ccc(Cl)s2)[C@@H](F)C1)Nc1ccc(-n2ccccc2=O)cc1F,"LZG",270,Done,7.672,-4.08,"glide-grid_1",-5.4513,-0.631931,-0.574761,-0,-0.718333,-33.3731,-13.995,0.467677,-0.226037,-63.1404,-47.3682,12.8808
N#C[C@@H](c1ccnc(NCCc2cccnc2)n1)c1nc2ccccc2s1,"JN5",271,Done,3.141,-3.97232,"glide-grid_1",-3.98762,-0.949779,-0.143295,-0,-1.00654,-36.1432,-5.18015,0.696174,0,-50.4833,-41.3233,1.12869
N#C[C@@H](c1ccnc(NCCc2ccc[nH+]c2)n1)c1nc2ccccc2s1,"JN5",272,Done,3.625,-3.50602,"glide-grid_1",-5.67822,-0.669546,-0.438092,-0,-1.38285,-33.1367,-14.1402,0.692817,-0.102685,-68.2755,-47.2769,6.87093
N#C[C@H](c1ccnc(NCCc2cccnc2)n1)c1nc2ccccc2s1,"JN5",273,Done,3.047,-4.28221,"glide-grid_1",-4.29751,-0.78717,-0.617064,-0,-0.869678,-30.4373,-7.71257,0.696174,-0.0410219,-46.544,-38.1499,4.31046
N#C[C@H](c1ccnc(NCCc2ccc[nH+]c2)n1)c1nc2ccccc2s1,"JN5",274,Done,3.359,-2.89632,"glide-grid_1",-5.06852,-0.339276,-0.367681,-0,-1.22407,-32.4057,-14.0668,0.692817,-0.1,-64.3854,-46.4726,6.77322
N#C[C@@H](c1ccnc(NCCc2cccnc2)n1)c1nc2ccccc2s1,"JN5",275,Done,3.141,-3.97232,"glide-grid_1",-3.98762,-0.949779,-0.143295,-0,-1.00654,-36.1432,-5.18015,0.696174,0,-50.4833,-41.3233,1.12869
N#C[C@@H](c1ccnc(NCCc2ccc[nH+]c2)n1)c1nc2ccccc2s1,"JN5",276,Done,3.422,-3.50602,"glide-grid_1",-5.67822,-0.669546,-0.438092,-0,-1.38285,-33.1367,-14.1402,0.692817,-0.102685,-68.2755,-47.2769,6.87093
N#C[C@H](c1ccnc(NCCc2cccnc2)n1)c1nc2ccccc2s1,"JN5",277,Done,3.031,-4.28221,"glide-grid_1",-4.29751,-0.78717,-0.617064,-0,-0.869678,-30.4373,-7.71257,0.696174,-0.0410219,-46.544,-38.1499,4.31046
N#C[C@H](c1ccnc(NCCc2ccc[nH+]c2)n1)c1nc2ccccc2s1,"JN5",278,Done,3.594,-2.89632,"glide-grid_1",-5.06852,-0.339276,-0.367681,-0,-1.22407,-32.4057,-14.0668,0.692817,-0.1,-64.3854,-46.4726,6.77322
CC(C)[NH+]1CCC(NC(=O)c2cc3ccccc3n2CC(=O)Nc2ccc(Cl)cc2)CC1,"IIE",279,Done,4.625,-4.89195,"glide-grid_1",-4.89775,-0.687275,-0.677018,-0,-0.911663,-25.1358,-10.7564,0.409145,-0.160684,-48.9213,-35.8922,5.62054
O=C(NO)c1ccc(C(=O)N2CCn3c(-c4ccccc4)cnc3C2)s1,"HA3",280,Done,6.344,-3.91385,"glide-grid_1",-4.20435,-0.506401,-0.304,-0,-1.44049,-29.5666,-7.8516,0.709867,-0.00725659,-44.4864,-37.4182,6.42473
O=C(NO)c1ccc(C(=O)N2CCn3c(-c4ccccc4)c[nH+]c3C2)s1,"HA3",281,Done,7.781,-4.15264,"glide-grid_1",-4.80834,-0.303682,-0.32,-0,-1.29963,-27.3984,-12.8804,0.70641,-0.289466,-51.5722,-40.2788,10.7224
O=C(N[O-])c1ccc(C(=O)N2CCn3c(-c4ccccc4)cnc3C2)s1,"HA3",282,Done,3.563,-1.19738,"glide-grid_1",-3.15208,-0.546953,-0.2,-0,-1.11589,-21.8735,-4.05766,0.57068,-0.15759,-33.0006,-25.9312,1.89662
O=C(N[O-])c1ccc(C(=O)N2CCn3c(-c4ccccc4)c[nH+]c3C2)s1,"HA3",283,Done,3.609,-1.21074,"glide-grid_1",-3.53064,-0.156702,-0.273433,-0,-0.991756,-19.5511,-9.67805,0.567894,-0.247378,-36.022,-29.2292,9.40678
O=C(NO)c1ccc(C(=O)N2CCn3c(-c4ccccc4)cnc3C2)s1,"HA3",284,Done,6.359,-3.91385,"glide-grid_1",-4.20435,-0.506401,-0.304,-0,-1.44049,-29.5666,-7.8516,0.709867,-0.00725659,-44.4864,-37.4182,6.42473
O=C(NO)c1ccc(C(=O)N2CCn3c(-c4ccccc4)c[nH+]c3C2)s1,"HA3",285,Done,7.704,-4.15264,"glide-grid_1",-4.80834,-0.303682,-0.32,-0,-1.29963,-27.3984,-12.8804,0.70641,-0.289466,-51.5722,-40.2788,10.7224
O=C(N[O-])c1ccc(C(=O)N2CCn3c(-c4ccccc4)cnc3C2)s1,"HA3",286,Done,3.718,-1.19738,"glide-grid_1",-3.15208,-0.546953,-0.2,-0,-1.11589,-21.8735,-4.05766,0.57068,-0.15759,-33.0006,-25.9312,1.89662
O=C(N[O-])c1ccc(C(=O)N2CCn3c(-c4ccccc4)c[nH+]c3C2)s1,"HA3",287,Done,3.782,-1.21074,"glide-grid_1",-3.53064,-0.156702,-0.273433,-0,-0.991756,-19.5511,-9.67805,0.567894,-0.247378,-36.022,-29.2292,9.40678
O=C(NO)c1ccc(C(=O)N2CCn3c(-c4ccccc4)cnc3C2)s1,"HA3",288,Done,6.391,-3.91385,"glide-grid_1",-4.20435,-0.506401,-0.304,-0,-1.44049,-29.5666,-7.8516,0.709867,-0.00725659,-44.4864,-37.4182,6.42473
O=C(NO)c1ccc(C(=O)N2CCn3c(-c4ccccc4)c[nH+]c3C2)s1,"HA3",289,Done,7.64,-4.15264,"glide-grid_1",-4.80834,-0.303682,-0.32,-0,-1.29963,-27.3984,-12.8804,0.70641,-0.289466,-51.5722,-40.2788,10.7224
O=C(N[O-])c1ccc(C(=O)N2CCn3c(-c4ccccc4)cnc3C2)s1,"HA3",290,Done,3.531,-1.19738,"glide-grid_1",-3.15208,-0.546953,-0.2,-0,-1.11589,-21.8735,-4.05766,0.57068,-0.15759,-33.0006,-25.9312,1.89662
O=C(N[O-])c1ccc(C(=O)N2CCn3c(-c4ccccc4)c[nH+]c3C2)s1,"HA3",291,Done,3.703,-1.21074,"glide-grid_1",-3.53064,-0.156702,-0.273433,-0,-0.991756,-19.5511,-9.67805,0.567894,-0.247378,-36.022,-29.2292,9.40678
O=C(NO)c1ccc(C(=O)N2CCn3c(-c4ccccc4)cnc3C2)s1,"HA3",292,Done,6.36,-3.91385,"glide-grid_1",-4.20435,-0.506401,-0.304,-0,-1.44049,-29.5666,-7.8516,0.709867,-0.00725659,-44.4864,-37.4182,6.42473
O=C(NO)c1ccc(C(=O)N2CCn3c(-c4ccccc4)c[nH+]c3C2)s1,"HA3",293,Done,7.453,-4.15264,"glide-grid_1",-4.80834,-0.303682,-0.32,-0,-1.29963,-27.3984,-12.8804,0.70641,-0.289466,-51.5722,-40.2788,10.7224
O=C(N[O-])c1ccc(C(=O)N2CCn3c(-c4ccccc4)cnc3C2)s1,"HA3",294,Done,3.484,-1.19738,"glide-grid_1",-3.15208,-0.546953,-0.2,-0,-1.11589,-21.8735,-4.05766,0.57068,-0.15759,-33.0006,-25.9312,1.89662
O=C(N[O-])c1ccc(C(=O)N2CCn3c(-c4ccccc4)c[nH+]c3C2)s1,"HA3",295,Done,3.719,-1.21074,"glide-grid_1",-3.53064,-0.156702,-0.273433,-0,-0.991756,-19.5511,-9.67805,0.567894,-0.247378,-36.022,-29.2292,9.40678
N#CCC1C=CC(=Nc2nc(Nc3cc(C4CC4)[nH]n3)c3ccccc3n2)C=C1,"ligprep_1.sdf:118",296,Done,5.938,-5.39268,"glide-grid_1",-5.49418,-1.41359,-0.556762,-0,-0.80841,-28.7942,-11.949,0.667086,-0.150442,-53.5564,-40.7432,2.50129
N#CCC1C=CC(=Nc2nc(Nc3cc(C4CC4)n[nH]3)c3ccccc3n2)C=C1,"ligprep_1.sdf:118",297,Done,4.765,-2.55192,"glide-grid_1",-3.64742,-0.871099,-0.24981,-0,-0.995016,-31.6248,-4.01438,0.667086,-0.015183,-39.3567,-35.6392,8.70808
N#CCC1C=CC(=Nc2nc(Nc3cc(C4CC4)[nH]n3)c3ccccc3n2)C=C1,"ligprep_1.sdf:118",298,Done,5.938,-5.39268,"glide-grid_1",-5.49418,-1.41359,-0.556762,-0,-0.80841,-28.7942,-11.949,0.667086,-0.150442,-53.5564,-40.7432,2.50129
N#CCC1C=CC(=Nc2nc(Nc3cc(C4CC4)n[nH]3)c3ccccc3n2)C=C1,"ligprep_1.sdf:118",299,Done,4.578,-2.55192,"glide-grid_1",-3.64742,-0.871099,-0.24981,-0,-0.995016,-31.6248,-4.01438,0.667086,-0.015183,-39.3567,-35.6392,8.70808
O=C(NNS(=O)(=O)c1ccccc1C(F)(F)F)c1cc2cc(Cl)ccc2o1,"CBC",300,Done,2.407,-4.88539,"glide-grid_1",-5.08119,-0.753025,-0.32,-0,-0.740566,-31.8202,-12.8126,0.451092,-0.205791,-56.6582,-44.6328,3.72123
O=C(N[N-]S(=O)(=O)c1ccccc1C(F)(F)F)c1cc2cc(Cl)ccc2o1,"CBC",301,Done,1.937,-2.95919,"glide-grid_1",-3.71049,-0.60569,-0.189708,-0,-1.1746,-38.2093,-1.80385,0.453061,-0.012516,-47.6294,-40.0132,0.408343
O=C(NNS(=O)(=O)c1ccccc1C(F)(F)F)c1cc2cc(Cl)ccc2o1,"CBC",302,Done,2.469,-4.88539,"glide-grid_1",-5.08119,-0.753025,-0.32,-0,-0.740566,-31.8202,-12.8126,0.451092,-0.205791,-56.6582,-44.6328,3.72123
O=C(N[N-]S(=O)(=O)c1ccccc1C(F)(F)F)c1cc2cc(Cl)ccc2o1,"CBC",303,Done,1.812,-2.95919,"glide-grid_1",-3.71049,-0.60569,-0.189708,-0,-1.1746,-38.2093,-1.80385,0.453061,-0.012516,-47.6294,-40.0132,0.408343
O=S(=O)([N-]c1nc2cc(Cl)ccc2o1)c1cc(Cl)ccc1Cl,"A37",304,Done,0.844,-3.69987,"glide-grid_1",-3.70917,-1.58048,0,-0,-0.899582,-32.4999,-0.0502436,0.409455,-0.00602676,-36.017,-32.5502,6.95451
O=S(=O)([N-]c1nc2cc(Cl)ccc2o1)c1cc(Cl)ccc1Cl,"A37",305,Done,0.922,-2.99104,"glide-grid_1",-3.00034,-0.350242,0,-0,-0.841211,-25.9311,-5.78668,0.409455,-0.0537781,-36.0821,-31.7178,2.53743
CC1CCN(c2ccc(CO)cc2NC(=O)c2ccc(C#N)o2)CC1,"5CN",306,Done,4.203,-5.15115,"glide-grid_1",-5.20355,-1.16686,-0.442055,-0,-1.1839,-35.1412,-9.1498,0.821468,-0.102669,-55.7202,-44.291,6.56313
CC1CC[NH+](c2ccc(CO)cc2NC(=O)c2ccc(C#N)o2)CC1,"5CN",307,Done,2.922,-4.05129,"glide-grid_1",-5.51479,-0.696889,-0.32,-0,-1.31321,-32.8945,-14.5725,0.817161,-0.171247,-65.8363,-47.467,4.76143
CC1CCN(c2ccc(CO)cc2NC(=O)c2ccc(C#N)o2)CC1,"5CN",308,Done,4.11,-5.15115,"glide-grid_1",-5.20355,-1.16686,-0.442055,-0,-1.1839,-35.1412,-9.1498,0.821468,-0.102669,-55.7202,-44.291,6.56313
CC1CC[NH+](c2ccc(CO)cc2NC(=O)c2ccc(C#N)o2)CC1,"5CN",309,Done,2.828,-4.05129,"glide-grid_1",-5.51479,-0.696889,-0.32,-0,-1.31321,-32.8945,-14.5725,0.817161,-0.171247,-65.8363,-47.467,4.76143
c1ccc(-c2oc3nccc(NCCN4CC[NH2+]CC4)c3c2-c2ccccc2)cc1,"547",310,Done,6.953,-5.68116,"glide-grid_1",-5.72076,-1.33656,-0.171288,-0,-0.910172,-32.3051,-14.6213,0.613858,-0.108136,-66.6968,-46.9265,9.71379
c1ccc(-c2oc3nccc(NCC[NH+]4CCNCC4)c3c2-c2ccccc2)cc1,"547",311,Done,6.844,-4.0787,"glide-grid_1",-5.702,-1.29573,-0.209602,-0,-0.910172,-35.5266,-13.385,0.613858,-0.116271,-67.8805,-48.9116,8.8401
c1ccc(-c2oc3nccc(NCCN4CC[NH2+]CC4)c3c2-c2ccccc2)cc1,"547",312,Done,7.359,-5.68116,"glide-grid_1",-5.72076,-1.33656,-0.171288,-0,-0.910172,-32.3051,-14.6213,0.613858,-0.108136,-66.6968,-46.9265,9.71379
c1ccc(-c2oc3nccc(NCC[NH+]4CCNCC4)c3c2-c2ccccc2)cc1,"547",313,Done,6.688,-4.0787,"glide-grid_1",-5.702,-1.29573,-0.209602,-0,-0.910172,-35.5266,-13.385,0.613858,-0.116271,-67.8805,-48.9116,8.8401
O=C([O-])Cn1ccc(=O)n(Cc2nc3cc(Cl)ccc3s2)c1=O,"47D",314,Done,0.984,-4.33896,"glide-grid_1",-4.34026,-1.10423,-0.16,-0,-1.01756,-29.9165,-6.23949,0.464876,-0.0915911,-43.3107,-36.156,4.6458
O=C(Nc1cccc(-c2n[nH]c3ccc(-c4nc[nH]n4)cc23)c1)c1ccco1,"35F",315,Done,2.234,-3.6162,"glide-grid_1",-3.8337,-0.558683,-0.136457,-0,-0.98752,-32.9792,-6.89805,0.70319,-0.170558,-48.4933,-39.8773,3.27021
O=C(Nc1cccc(-c2n[nH]c3ccc(-c4ncn[nH]4)cc23)c1)c1ccco1,"35F",316,Done,2.281,-4.01906,"glide-grid_1",-4.82726,-1.41702,-0.20083,-0,-1.04425,-35.5562,-6.17413,0.70319,-0.164416,-51.71,-41.7303,6.22958
O=C(Nc1cccc(-c2n[nH]c3ccc(-c4nnc[nH]4)cc23)c1)c1ccco1,"35F",317,Done,2.281,-2.88563,"glide-grid_1",-4.82663,-1.41518,-0.19086,-0,-1.04545,-35.5341,-6.0486,0.70319,-0.194341,-52.2613,-41.5827,6.30684
O=C(Nc1cccc(-c2n[nH]c3ccc(-c4nc[nH]n4)cc23)c1)c1ccco1,"35F",318,Done,2.375,-3.6112,"glide-grid_1",-3.8337,-0.558683,-0.136457,-0,-0.98752,-32.9792,-6.89805,0.70319,-0.170558,-48.4933,-39.8773,3.27021
O=C(Nc1cccc(-c2n[nH]c3ccc(-c4ncn[nH]4)cc23)c1)c1ccco1,"35F",319,Done,2.485,-4.03336,"glide-grid_1",-4.82726,-1.41702,-0.20083,-0,-1.04425,-35.5562,-6.17413,0.70319,-0.164416,-51.71,-41.7303,6.22958
O=C(Nc1cccc(-c2n[nH]c3ccc(-c4nnc[nH]4)cc23)c1)c1ccco1,"35F",320,Done,2.328,-2.88063,"glide-grid_1",-4.82663,-1.41518,-0.19086,-0,-1.04545,-35.5341,-6.0486,0.70319,-0.194341,-52.2613,-41.5827,6.30684
O=C(Nc1cccc(-c2n[nH]c3ccc(-c4nc[nH]n4)cc23)c1)c1ccco1,"35F",321,Done,2.406,-3.6112,"glide-grid_1",-3.8337,-0.558683,-0.136457,-0,-0.98752,-32.9792,-6.89805,0.70319,-0.170558,-48.4933,-39.8773,3.27021
O=C(Nc1cccc(-c2n[nH]c3ccc(-c4ncn[nH]4)cc23)c1)c1ccco1,"35F",322,Done,2.281,-4.03336,"glide-grid_1",-4.82726,-1.41702,-0.20083,-0,-1.04425,-35.5562,-6.17413,0.70319,-0.164416,-51.71,-41.7303,6.22958
O=C(Nc1cccc(-c2n[nH]c3ccc(-c4nnc[nH]4)cc23)c1)c1ccco1,"35F",323,Done,2.344,-2.88063,"glide-grid_1",-4.82663,-1.41518,-0.19086,-0,-1.04545,-35.5341,-6.0486,0.70319,-0.194341,-52.2613,-41.5827,6.30684
O=C(Nc1cccc(-c2n[nH]c3ccc(-c4nc[nH]n4)cc23)c1)c1ccco1,"35F",324,Done,2.5,-3.6214,"glide-grid_1",-3.8337,-0.558683,-0.136457,-0,-0.98752,-32.9792,-6.89805,0.70319,-0.170558,-48.4933,-39.8773,3.27021
O=C(Nc1cccc(-c2n[nH]c3ccc(-c4ncn[nH]4)cc23)c1)c1ccco1,"35F",325,Done,2.297,-4.00356,"glide-grid_1",-4.82726,-1.41702,-0.20083,-0,-1.04425,-35.5562,-6.17413,0.70319,-0.164416,-51.71,-41.7303,6.22958
O=C(Nc1cccc(-c2n[nH]c3ccc(-c4nnc[nH]4)cc23)c1)c1ccco1,"35F",326,Done,2.375,-2.89083,"glide-grid_1",-4.82663,-1.41518,-0.19086,-0,-1.04545,-35.5341,-6.0486,0.70319,-0.194341,-52.2613,-41.5827,6.30684
NC(=[NH2+])Nc1ccc(CO)cc1,"ligprep_1.sdf:135",327,Done,1.563,-4.91741,"glide-grid_1",-4.91741,-0.0647971,-0.360528,-0,-2.78,-9.54407,-14.8201,1.16291,-0.174774,-41.5968,-24.3641,1.66943
CCc1cccc2cc([C@H](O)C[NH2+]C(C)(C)C)oc12,"ligprep_1.sdf:136",328,Done,2.671,-5.52301,"glide-grid_1",-5.52411,-1.25531,-0.2,-0,-2.15022,-23.867,-7.77592,0.541161,-0.1,-47.6044,-31.6429,1.07257
CCc1cccc2cc([C@@H](O)C[NH2+]C(C)(C)C)oc12,"ligprep_1.sdf:136",329,Done,2.984,-6.55298,"glide-grid_1",-6.55408,-1.25566,-0.191856,-0,-1.84522,-23.5605,-18.376,0.773088,-0.1,-66.6261,-41.9366,2.93202
N#Cc1ccc2[nH]cc(CCCC[NH+]3CCN(c4ccc5oc(C(N)=O)cc5c4)CC3)c2c1,"ligprep_1.sdf:137",330,Done,7.969,-4.70714,"glide-grid_1",-4.81904,-0.653615,-0.32,-0,-0.841822,-35.3051,-11.2197,0.612274,-0.167667,-62.4201,-46.5248,3.03769
N#Cc1ccc2[nH]cc(CCCCN3CCN(c4ccc5oc(C(N)=O)cc5c4)CC3)c2c1,"ligprep_1.sdf:137",331,Done,8.797,-3.72033,"glide-grid_1",-4.76303,-0.849262,-0.32,-0,-0.848694,-36.5032,-9.393,0.614814,-0.125783,-58.8496,-45.8962,2.83149
N#Cc1ccc2[nH]cc(CCCC[NH+]3CCN(c4ccc5oc(C(N)=O)cc5c4)CC3)c2c1,"ligprep_1.sdf:137",332,Done,7.797,-4.70714,"glide-grid_1",-4.81904,-0.653615,-0.32,-0,-0.841822,-35.3051,-11.2197,0.612274,-0.167667,-62.4201,-46.5248,3.03769
N#Cc1ccc2[nH]cc(CCCCN3CCN(c4ccc5oc(C(N)=O)cc5c4)CC3)c2c1,"ligprep_1.sdf:137",333,Done,8.813,-3.72033,"glide-grid_1",-4.76303,-0.849262,-0.32,-0,-0.848694,-36.5032,-9.393,0.614814,-0.125783,-58.8496,-45.8962,2.83149
C[C@H]1C[C@@H](OC(=O)[C@H](O)c2ccccc2)CC(C)(C)C1,"4838",334,Done,2.422,-3.90369,"glide-grid_1",-3.90439,-0.845819,0,-0,-1.56957,-31.8416,-4.02354,0.70661,0,-42.8087,-35.8651,2.70103
C[C@H]1C[C@H](OC(=O)[C@H](O)c2ccccc2)CC(C)(C)C1,"4838",335,Done,1.593,-4.14462,"glide-grid_1",-4.14532,-1.35688,0,-0,-1.67408,-29.4752,-2.31471,0.70661,0,-38.3843,-31.7899,2.42595
C[C@@H]1C[C@H](OC(=O)[C@H](O)c2ccccc2)CC(C)(C)C1,"4838",336,Done,1.953,-4.82333,"glide-grid_1",-4.82403,-1.50422,0,-0,-1.72138,-27.3961,-6.23491,0.70661,0,-41.6334,-33.631,2.96883
C[C@H]1C[C@@H](OC(=O)[C@@H](O)c2ccccc2)CC(C)(C)C1,"4838",337,Done,2.141,-4.1504,"glide-grid_1",-4.1511,-0.972193,0,-0,-1.52475,-32.8638,-4.71539,0.70661,-0.0102757,-45.3117,-37.5792,3.13798
C[C@@H]1C[C@@H](OC(=O)[C@@H](O)c2ccccc2)CC(C)(C)C1,"4838",338,Done,2.016,-3.72413,"glide-grid_1",-3.72483,-0.954773,0,-0,-1.52475,-29.9743,-2.93385,0.70661,-0.013128,-38.9063,-32.9082,4.21556
C[C@@H]1C[C@H](OC(=O)[C@@H](O)c2ccccc2)CC(C)(C)C1,"4838",339,Done,2.125,-4.39329,"glide-grid_1",-4.39399,-1.00827,-0.304,-0,-1.52475,-25.6285,-6.47183,0.70661,-0.0113834,-40.2634,-32.1003,2.60561
O=C(NCc1cccnc1)c1cc(C(=O)NCc2cccnc2)ncn1,"PB5",340,Done,5.532,-4.01097,"glide-grid_1",-4.02307,-1.08626,-0.0438035,-0,-1.03961,-32.0117,-6.95836,0.941164,-0.150221,-48.88,-38.9701,2.05474
O=C(NCc1cccnc1)c1cc(C(=O)NCc2ccc[nH+]c2)ncn1,"PB5",341,Done,5.687,-3.43377,"glide-grid_1",-5.74407,-1.28369,-0.315529,-0,-1.59899,-32.7904,-11.6071,0.936344,-0.101624,-70.256,-44.3975,2.64986
O=C(NCc1cccnc1)c1cc(C(=O)NCc2cccnc2)ncn1,"PB5",342,Done,5.453,-4.01097,"glide-grid_1",-4.02307,-1.08626,-0.0438035,-0,-1.03961,-32.0117,-6.95836,0.941164,-0.150221,-48.88,-38.9701,2.05474
O=C(NCc1cccnc1)c1cc(C(=O)NCc2ccc[nH+]c2)ncn1,"PB5",343,Done,5.5,-3.43377,"glide-grid_1",-5.74407,-1.28369,-0.315529,-0,-1.59899,-32.7904,-11.6071,0.936344,-0.101624,-70.256,-44.3975,2.64986
Cc1cc(CNC(=O)c2cc(C(=O)NCc3ccc(F)c(C)c3)ncn2)ccc1F,"PB4",344,Done,5.485,-4.1724,"glide-grid_1",-4.1724,-1.42896,-0.131645,-0,-0.689452,-33.5924,-6.59831,0.935635,-0.188607,-51.0471,-40.1907,2.09223
Cc1cccc(CNC(=O)c2cc(C(=O)NCc3cccc(C)c3)ncn2)c1,"PB3",345,Done,5.781,-3.69242,"glide-grid_1",-3.69242,-1.17813,-0.0384605,-0,-0.862933,-33.4075,-5.91266,1.10332,-0.158941,-48.3747,-39.3202,1.47778
FC(F)(CNc1nccc2oc(Cc3ccccc3-n3cncn3)nc12)[C@H]1CCCC[NH2+]1,"382",346,Done,5.437,-4.84156,"glide-grid_1",-4.85366,-0.655579,-0.355091,-0,-0.630893,-31.0643,-13.8735,0.617492,-0.19535,-61.8054,-44.9378,4.80668
FC(F)(CNc1nccc2oc(Cc3ccccc3-n3cncn3)nc12)[C@H]1CCCCN1,"382",347,Done,6.234,-2.20791,"glide-grid_1",-4.51871,-0.774121,-0.32,-0,-1.22111,-35.5118,-6.61668,0.620064,-0.0554489,-52.918,-42.1284,2.16313
FC(F)(CNc1nccc2oc(Cc3ccccc3-n3cncn3)nc12)[C@H]1CCCC[NH2+]1,"382",348,Done,5.157,-4.84156,"glide-grid_1",-4.85366,-0.655579,-0.355091,-0,-0.630893,-31.0643,-13.8735,0.617492,-0.19535,-61.8054,-44.9378,4.80668
FC(F)(CNc1nccc2oc(Cc3ccccc3-n3cncn3)nc12)[C@H]1CCCCN1,"382",349,Done,6.187,-2.20791,"glide-grid_1",-4.51871,-0.774121,-0.32,-0,-1.22111,-35.5118,-6.61668,0.620064,-0.0554489,-52.918,-42.1284,2.16313
Cc1cc2cc3c(C)cc(=O)oc3c(C)c2o1,"ligprep_1.sdf:156",350,Done,0.438,-4.67583,"glide-grid_1",-4.67583,-1.21699,0,-0,-1.85289,-22.5701,-3.18298,0,0,-33.1757,-25.753,0
Cc1cc(N)c2cc(NC(=O)Nc3ccc4[nH+]c(C)cc(N)c4c3)ccc2[nH+]1,"NSC",351,Done,2.375,-5.90967,"glide-grid_1",-5.90967,-0.514461,-0.507354,-0,-1.34994,-30.3666,-15.641,0.551651,-0.225081,-72.2299,-46.0077,2.00427
NC(=[NH2+])c1cc2ccccc2s1,"ESX",352,Done,0.718,-7.84965,"glide-grid_1",-7.85565,-0.216639,-0.109625,-0,-2.73059,-12.1367,-27.6196,0,-0.191966,-66.7597,-39.7562,0.663672
c1c[nH]cn1,"ligprep_1.sdf:171",353,Done,0.282,-4.87821,"glide-grid_1",-5.10511,-0.473324,-0.32,-0,-3.16297,-9.74286,-4.29991,0,-0.0166932,-18.4294,-14.0428,0
c1c[nH+]c[nH]1,"ligprep_1.sdf:171",354,Done,0.312,-4.11995,"glide-grid_1",-4.79845,-0.313285,0,-0,-2.7,-7.72309,-9.32672,0,0,-25.2046,-17.0498,0
c1c[nH]cn1,"ligprep_1.sdf:171",355,Done,0.313,-4.87821,"glide-grid_1",-5.10511,-0.473324,-0.32,-0,-3.16297,-9.74286,-4.29991,0,-0.0166932,-18.4294,-14.0428,0
c1c[nH+]c[nH]1,"ligprep_1.sdf:171",356,Done,0.313,-4.11995,"glide-grid_1",-4.79845,-0.313285,0,-0,-2.7,-7.72309,-9.32672,0,0,-25.2046,-17.0498,0
Cc1ccc2sc([C@@H]3O[C@H](CO)[C@@H](O)[C@H](O)[C@H]3O)nc2c1,"TH1",357,Done,2.922,-5.32039,"glide-grid_1",-5.32039,-0.686137,0,-0,-1.28622,-22.9298,-17.2275,0.382582,0,-52.4105,-40.1573,4.54652
NC(=[NH2+])c1cc2c(I)cccc2s1,"ESI",358,Done,0.718,-7.25061,"glide-grid_1",-7.25661,-0.312033,-0.121413,-0,-1.8722,-15.2591,-27.1461,0,-0.18801,-68.6314,-42.4052,0.0398208
CC(C)C[C@H](NC(=O)c1ccco1)C(=O)[O-],"FLE",359,Done,1.86,-4.02147,"glide-grid_1",-4.02177,-0.83105,-0.302506,-0,-1.97134,-23.1861,-4.89009,1.01095,-0.0350069,-34.6991,-28.0762,0.478035
OCC[NH+]1CCN(CC/C=C2/c3ccccc3Sc3ccc(Cl)cc32)CC1,"ligprep_1.sdf:197",360,Done,5.547,-4.81188,"glide-grid_1",-5.03788,-0.809892,-0.536271,-0,-1.19836,-20.8155,-11.8503,0.424968,-0.1,-45.5883,-32.6658,6.28727
OCCN1CC[NH+](CC/C=C2/c3ccccc3Sc3ccc(Cl)cc32)CC1,"ligprep_1.sdf:197",361,Done,6.078,-4.01316,"glide-grid_1",-4.90056,-1.36919,-0.428942,-0,-0.893364,-28.4579,-8.62176,0.607097,-0.1,-47.4819,-37.0797,10.6647
OCCN1CCN(CC/C=C2/c3ccccc3Sc3ccc(Cl)cc32)CC1,"ligprep_1.sdf:197",362,Done,7.281,-1.5815,"glide-grid_1",-2.986,-0.489428,-0.16,-0,-0.675236,-26.1543,-6.42312,0.609848,0,-35.5102,-32.5774,7.48838
OCC[NH+]1CCN(CC/C=C2/c3ccccc3Sc3ccc(Cl)cc32)CC1,"ligprep_1.sdf:197",363,Done,5.421,-4.81188,"glide-grid_1",-5.03788,-0.809892,-0.536271,-0,-1.19836,-20.8155,-11.8503,0.424968,-0.1,-45.5883,-32.6658,6.28727
OCCN1CC[NH+](CC/C=C2/c3ccccc3Sc3ccc(Cl)cc32)CC1,"ligprep_1.sdf:197",364,Done,6.079,-4.01316,"glide-grid_1",-4.90056,-1.36919,-0.428942,-0,-0.893364,-28.4579,-8.62176,0.607097,-0.1,-47.4819,-37.0797,10.6647
OCCN1CCN(CC/C=C2/c3ccccc3Sc3ccc(Cl)cc32)CC1,"ligprep_1.sdf:197",365,Done,7.171,-1.5815,"glide-grid_1",-2.986,-0.489428,-0.16,-0,-0.675236,-26.1543,-6.42312,0.609848,0,-35.5102,-32.5774,7.48838
OCC[NH+]1CCN(CC/C=C2/c3ccccc3Sc3ccc(Cl)cc32)CC1,"ligprep_1.sdf:197",366,Done,5.391,-4.81188,"glide-grid_1",-5.03788,-0.809892,-0.536271,-0,-1.19836,-20.8155,-11.8503,0.424968,-0.1,-45.5883,-32.6658,6.28727
OCCN1CC[NH+](CC/C=C2/c3ccccc3Sc3ccc(Cl)cc32)CC1,"ligprep_1.sdf:197",367,Done,6.062,-4.01316,"glide-grid_1",-4.90056,-1.36919,-0.428942,-0,-0.893364,-28.4579,-8.62176,0.607097,-0.1,-47.4819,-37.0797,10.6647
OCCN1CCN(CC/C=C2/c3ccccc3Sc3ccc(Cl)cc32)CC1,"ligprep_1.sdf:197",368,Done,7.141,-1.5815,"glide-grid_1",-2.986,-0.489428,-0.16,-0,-0.675236,-26.1543,-6.42312,0.609848,0,-35.5102,-32.5774,7.48838
Cc1cc(C(=O)NNCc2ccccc2)no1,"1247",369,Done,1.609,-4.00821,"glide-grid_1",-4.00861,-0.451922,-0.256195,-0,-1.83238,-24.1684,-8.8373,1.27934,-0.213433,-40.3423,-33.0057,2.3333
C[C@H](c1cc2ccccc2s1)N(O)C(N)=O,"744",370,Done,1.594,-4.60193,"glide-grid_1",-4.62493,-0.474993,0,-0,-2.24801,-29.7789,-4.80867,0.308321,0,-38.6151,-34.5876,12.0927
C[C@H](c1cc2ccccc2s1)N([O-])C(N)=O,"744",371,Done,1.109,-2.36064,"glide-grid_1",-4.29754,-0.523814,-0.32,-0,-1.99339,-22.2831,-4.37835,0.310573,0,-34.4788,-26.6614,1.58685
C[C@@H](c1cc2ccccc2s1)N(O)C(N)=O,"744",372,Done,1.422,-5.27946,"glide-grid_1",-5.30246,-0.73206,-0.608,-0,-1.79801,-22.2645,-8.64423,0.308321,-0.0628504,-41.7022,-30.9087,1.83383
C[C@@H](c1cc2ccccc2s1)N([O-])C(N)=O,"744",373,Done,1.078,-2.97602,"glide-grid_1",-4.91292,-0.811921,-0.474936,-0,-1.80489,-20.187,-7.1289,0.310573,-0.0530648,-35.4596,-27.3159,0.959421
C[C@H](c1cc2ccccc2s1)N(O)C(N)=O,"744",374,Done,1.891,-4.60193,"glide-grid_1",-4.62493,-0.474993,0,-0,-2.24801,-29.7789,-4.80867,0.308321,0,-38.6151,-34.5876,12.0927
C[C@H](c1cc2ccccc2s1)N([O-])C(N)=O,"744",375,Done,1.234,-2.36064,"glide-grid_1",-4.29754,-0.523814,-0.32,-0,-1.99339,-22.2831,-4.37835,0.310573,0,-34.4788,-26.6614,1.58685
C[C@@H](c1cc2ccccc2s1)N(O)C(N)=O,"744",376,Done,1.437,-5.27946,"glide-grid_1",-5.30246,-0.73206,-0.608,-0,-1.79801,-22.2645,-8.64423,0.308321,-0.0628504,-41.7022,-30.9087,1.83383
C[C@@H](c1cc2ccccc2s1)N([O-])C(N)=O,"744",377,Done,1.079,-2.97602,"glide-grid_1",-4.91292,-0.811921,-0.474936,-0,-1.80489,-20.187,-7.1289,0.310573,-0.0530648,-35.4596,-27.3159,0.959421
CNC(=O)c1cc(Oc2ccc(NC(=O)Nc3ccc(Cl)c(C(F)(F)F)c3)cc2)ccn1,"398",378,Done,8.859,-4.52971,"glide-grid_1",-4.54501,-0.326784,-0.96,-0,-0.239832,-31.9872,-11.1866,0.653223,-0.394277,-54.7113,-43.1737,4.42986
CNC(=O)c1cc(Oc2ccc(NC(=O)Nc3ccc(Cl)c(C(F)(F)F)c3)cc2)cc[nH+]1,"398",379,Done,8.234,-2.53715,"glide-grid_1",-4.70935,-0.370639,-0.316477,-0,-0.509517,-29.4712,-15.8981,0.650648,-0.305097,-63.1548,-45.3693,4.78633
CNC(=O)c1cc(Oc2ccc(NC(=O)Nc3ccc(Cl)c(C(F)(F)F)c3)cc2)ccn1,"398",380,Done,9.063,-4.52971,"glide-grid_1",-4.54501,-0.326784,-0.96,-0,-0.239832,-31.9872,-11.1866,0.653223,-0.394277,-54.7113,-43.1737,4.42986
CNC(=O)c1cc(Oc2ccc(NC(=O)Nc3ccc(Cl)c(C(F)(F)F)c3)cc2)cc[nH+]1,"398",381,Done,8.531,-2.53715,"glide-grid_1",-4.70935,-0.370639,-0.316477,-0,-0.509517,-29.4712,-15.8981,0.650648,-0.305097,-63.1548,-45.3693,4.78633
CCOc1ccc2nc(S(N)(=O)=O)sc2c1,"311",382,Done,1.109,-4.8456,"glide-grid_1",-4.8586,-0.734007,-0.16,-0,-1.64782,-22.7166,-7.69012,0.264691,-0.292111,-39.5486,-30.4067,0.65709
CCOc1ccc2nc(S([NH-])(=O)=O)sc2c1,"311",383,Done,1.235,-1.70079,"glide-grid_1",-3.97029,-0.88147,0,-0,-1.71703,-20.2129,-3.93082,0.266477,-0.0379983,-31.1464,-24.1437,0.953966
CCOc1ccc2nc(S(N)(=O)=O)sc2c1,"311",384,Done,1.094,-4.8456,"glide-grid_1",-4.8586,-0.734007,-0.16,-0,-1.64782,-22.7166,-7.69012,0.264691,-0.292111,-39.5486,-30.4067,0.65709
CCOc1ccc2nc(S([NH-])(=O)=O)sc2c1,"311",385,Done,1.265,-1.70079,"glide-grid_1",-3.97029,-0.88147,0,-0,-1.71703,-20.2129,-3.93082,0.266477,-0.0379983,-31.1464,-24.1437,0.953966
